source_url,school,school_ar,school_city,school_city_ar,school_country,school_country_ar,region,title,title_ar,summary,summary_ar,subject,format,start,end,days,price,currency,langs,audience,audience_ar,highlights,highlights_ar,rating,reviews,scraped_at,extraction
https://www.unsw.edu.au/study/professional-development/course/strategic-adaptive-leadership,"AGSM, University of New South Wales",كلية الدراسات العليا الأسترالية للإدارة (AGSM),Sydney,سيدني,Australia,أستراليا,oceania,Strategic & Adaptive Leadership,القيادة الاستراتيجية والتكيّفية,"A 3-day on-campus program from AGSM, University of New South Wales, running 16 September 2026 to 18 September 2026.",برنامج حضوري لمدة 3 أيام من كلية الدراسات العليا الأسترالية للإدارة (AGSM)، من 16 سبتمبر 2026 إلى 18 سبتمبر 2026.,leadership,in-person,2026-09-16,2026-09-18,3,5150,AUD,en,,,,,,,2026-09-14T00:00:00Z,school-page
https://www.unsw.edu.au/study/professional-development/course/emerging-leader-program,"AGSM, University of New South Wales",كلية الدراسات العليا الأسترالية للإدارة (AGSM),Sydney,سيدني,Australia,أستراليا,oceania,Emerging Leader Program,برنامج القائد الصاعد,"A 4-day on-campus program from AGSM, University of New South Wales, running 22 September 2026 to 25 September 2026.",برنامج حضوري لمدة 4 أيام من كلية الدراسات العليا الأسترالية للإدارة (AGSM)، من 22 سبتمبر 2026 إلى 25 سبتمبر 2026.,leadership,in-person,2026-09-22,2026-09-25,4,7150,AUD,en,,,,,,,2026-09-14T00:00:00Z,school-page
https://www.unsw.edu.au/study/professional-development/course/ai-for-board-directors,"AGSM, University of New South Wales",كلية الدراسات العليا الأسترالية للإدارة (AGSM),Sydney,سيدني,Australia,أستراليا,oceania,AI for Board Directors,الذكاء الاصطناعي لأعضاء مجالس الإدارة,"A 2-day on-campus program from AGSM, University of New South Wales, running 24 September 2026 to 25 September 2026.",برنامج حضوري لمدة يومين من كلية الدراسات العليا الأسترالية للإدارة (AGSM)، من 24 سبتمبر 2026 إلى 25 سبتمبر 2026.,leadership,in-person,2026-09-24,2026-09-25,2,3950,AUD,en,,,,,,,2026-09-14T00:00:00Z,school-page
https://www.unsw.edu.au/study/professional-development/course/design-thinking-experimentation,"AGSM, University of New South Wales",كلية الدراسات العليا الأسترالية للإدارة (AGSM),Sydney,سيدني,Australia,أستراليا,oceania,Design Thinking & Experimentation,التفكير التصميمي والتجريب,"A 3-day on-campus program from AGSM, University of New South Wales, running 13 October 2026 to 15 October 2026.",برنامج حضوري لمدة 3 أيام من كلية الدراسات العليا الأسترالية للإدارة (AGSM)، من 13 أكتوبر 2026 إلى 15 أكتوبر 2026.,entrepreneurship,in-person,2026-10-13,2026-10-15,3,5150,AUD,en,,,,,,,2026-09-14T00:00:00Z,school-page
https://www.unsw.edu.au/study/professional-development/course/the-authentic-communicator-activating-presence,"AGSM, University of New South Wales",كلية الدراسات العليا الأسترالية للإدارة (AGSM),Sydney,سيدني,Australia,أستراليا,oceania,The Authentic Communicator: Activating Presence,المتواصل الأصيل: تفعيل الحضور,"A 2-day on-campus program from AGSM, University of New South Wales, running 13 October 2026 to 14 October 2026.",برنامج حضوري لمدة يومين من كلية الدراسات العليا الأسترالية للإدارة (AGSM)، من 13 أكتوبر 2026 إلى 14 أكتوبر 2026.,leadership,in-person,2026-10-13,2026-10-14,2,3950,AUD,en,,,,,,,2026-09-14T00:00:00Z,school-page
https://www.unsw.edu.au/study/professional-development/course/project-management-excellence,"AGSM, University of New South Wales",كلية الدراسات العليا الأسترالية للإدارة (AGSM),Sydney,سيدني,Australia,أستراليا,oceania,Project Management Excellence,التميّز في إدارة المشاريع,"A 2-day on-campus program from AGSM, University of New South Wales, running 19 October 2026 to 20 October 2026.",برنامج حضوري لمدة يومين من كلية الدراسات العليا الأسترالية للإدارة (AGSM)، من 19 أكتوبر 2026 إلى 20 أكتوبر 2026.,operations,in-person,2026-10-19,2026-10-20,2,3950,AUD,en,,,,,,,2026-09-14T00:00:00Z,school-page
https://www.unsw.edu.au/study/professional-development/course/tackling-complexity-through-leadership,"AGSM, University of New South Wales",كلية الدراسات العليا الأسترالية للإدارة (AGSM),Sydney,سيدني,Australia,أستراليا,oceania,Tackling Complexity through Leadership,مواجهة التعقيد بالقيادة,"A 2-day on-campus program from AGSM, University of New South Wales, running 21 October 2026 to 22 October 2026.",برنامج حضوري لمدة يومين من كلية الدراسات العليا الأسترالية للإدارة (AGSM)، من 21 أكتوبر 2026 إلى 22 أكتوبر 2026.,leadership,in-person,2026-10-21,2026-10-22,2,3950,AUD,en,,,,,,,2026-09-14T00:00:00Z,school-page
https://www.unsw.edu.au/study/professional-development/course/general-manager-program,"AGSM, University of New South Wales",كلية الدراسات العليا الأسترالية للإدارة (AGSM),Sydney,سيدني,Australia,أستراليا,oceania,General Manager Program,برنامج المدير العام,"A 5-day on-campus program from AGSM, University of New South Wales, running 26 October 2026 to 30 October 2026.",برنامج حضوري لمدة 5 أيام من كلية الدراسات العليا الأسترالية للإدارة (AGSM)، من 26 أكتوبر 2026 إلى 30 أكتوبر 2026.,leadership,in-person,2026-10-26,2026-10-30,5,14990,AUD,en,,,,,,,2026-09-14T00:00:00Z,school-page
https://www.unsw.edu.au/study/professional-development/course/essentials-of-finance-for-non-finance-managers,"AGSM, University of New South Wales",كلية الدراسات العليا الأسترالية للإدارة (AGSM),Sydney,سيدني,Australia,أستراليا,oceania,Essentials of Finance for Non-Finance Managers,أساسيات المالية للمديرين غير الماليين,"A 3-day on-campus program from AGSM, University of New South Wales, running 4 November 2026 to 6 November 2026.",برنامج حضوري لمدة 3 أيام من كلية الدراسات العليا الأسترالية للإدارة (AGSM)، من 4 نوفمبر 2026 إلى 6 نوفمبر 2026.,finance,in-person,2026-11-04,2026-11-06,3,5150,AUD,en,,,,,,,2026-09-14T00:00:00Z,school-page
https://www.unsw.edu.au/study/professional-development/course/executing-strategy-for-results,"AGSM, University of New South Wales",كلية الدراسات العليا الأسترالية للإدارة (AGSM),Sydney,سيدني,Australia,أستراليا,oceania,Executing Strategy for Results,تنفيذ الاستراتيجية لتحقيق النتائج,"A 2-day on-campus program from AGSM, University of New South Wales, running 5 November 2026 to 6 November 2026.",برنامج حضوري لمدة يومين من كلية الدراسات العليا الأسترالية للإدارة (AGSM)، من 5 نوفمبر 2026 إلى 6 نوفمبر 2026.,strategy,in-person,2026-11-05,2026-11-06,2,3950,AUD,en,,,,,,,2026-09-14T00:00:00Z,school-page
https://www.unsw.edu.au/study/professional-development/course/data-governance-for-leaders,"AGSM, University of New South Wales",كلية الدراسات العليا الأسترالية للإدارة (AGSM),Sydney,سيدني,Australia,أستراليا,oceania,Data Governance for Leaders,حوكمة البيانات للقادة,"A 2-day on-campus program from AGSM, University of New South Wales, running 12 November 2026 to 13 November 2026.",برنامج حضوري لمدة يومين من كلية الدراسات العليا الأسترالية للإدارة (AGSM)، من 12 نوفمبر 2026 إلى 13 نوفمبر 2026.,data,in-person,2026-11-12,2026-11-13,2,3950,AUD,en,,,,,,,2026-09-14T00:00:00Z,school-page
https://www.unsw.edu.au/study/professional-development/course/accelerated-leadership-program,"AGSM, University of New South Wales",كلية الدراسات العليا الأسترالية للإدارة (AGSM),Sydney,سيدني,Australia,أستراليا,oceania,Accelerated Leadership Program,البرنامج المُعجّل للقيادة,"A 5-day on-campus program from AGSM, University of New South Wales, running 16 November 2026 to 20 November 2026.",برنامج حضوري لمدة 5 أيام من كلية الدراسات العليا الأسترالية للإدارة (AGSM)، من 16 نوفمبر 2026 إلى 20 نوفمبر 2026.,leadership,in-person,2026-11-16,2026-11-20,5,8990,AUD,en,,,,,,,2026-09-14T00:00:00Z,school-page
https://www.unsw.edu.au/study/professional-development/course/shaping-strategy-to-create-value,"AGSM, University of New South Wales",كلية الدراسات العليا الأسترالية للإدارة (AGSM),Sydney,سيدني,Australia,أستراليا,oceania,Shaping Strategy to Create Value,صياغة الاستراتيجية لخلق القيمة,"A 3-day on-campus program from AGSM, University of New South Wales, running 16 November 2026 to 18 November 2026.",برنامج حضوري لمدة 3 أيام من كلية الدراسات العليا الأسترالية للإدارة (AGSM)، من 16 نوفمبر 2026 إلى 18 نوفمبر 2026.,strategy,in-person,2026-11-16,2026-11-18,3,5150,AUD,en,,,,,,,2026-09-14T00:00:00Z,school-page
https://www.unsw.edu.au/study/professional-development/course/building-an-ai-strategy,"AGSM, University of New South Wales",كلية الدراسات العليا الأسترالية للإدارة (AGSM),Sydney,سيدني,Australia,أستراليا,oceania,Building an AI Strategy,بناء استراتيجية للذكاء الاصطناعي,"A 3-day on-campus program from AGSM, University of New South Wales, running 17 November 2026 to 19 November 2026.",برنامج حضوري لمدة 3 أيام من كلية الدراسات العليا الأسترالية للإدارة (AGSM)، من 17 نوفمبر 2026 إلى 19 نوفمبر 2026.,digital,in-person,2026-11-17,2026-11-19,3,5150,AUD,en,,,,,,,2026-09-14T00:00:00Z,school-page
https://www.unsw.edu.au/study/professional-development/course/adaptive-leadership-program,"AGSM, University of New South Wales",كلية الدراسات العليا الأسترالية للإدارة (AGSM),Sydney,سيدني,Australia,أستراليا,oceania,Adaptive Leadership Program,برنامج القيادة التكيفية,"A 4-day on-campus program from AGSM, University of New South Wales, running 23 November 2026 to 26 November 2026.",برنامج حضوري لمدة 4 أيام من كلية الدراسات العليا الأسترالية للإدارة (AGSM)، من 23 نوفمبر 2026 إلى 26 نوفمبر 2026.,leadership,in-person,2026-11-23,2026-11-26,4,7950,AUD,en,,,,,,,2026-09-14T00:00:00Z,school-page
https://www.unsw.edu.au/study/professional-development/course/strategic-negotiation-and-influence,"AGSM, University of New South Wales",كلية الدراسات العليا الأسترالية للإدارة (AGSM),Sydney,سيدني,Australia,أستراليا,oceania,Strategic Negotiation & Influence,التفاوض الاستراتيجي والتأثير,"A 3-day on-campus program from AGSM, University of New South Wales, running 23 November 2026 to 25 November 2026.",برنامج حضوري لمدة 3 أيام من كلية الدراسات العليا الأسترالية للإدارة (AGSM)، من 23 نوفمبر 2026 إلى 25 نوفمبر 2026.,negotiation,in-person,2026-11-23,2026-11-25,3,5150,AUD,en,,,,,,,2026-09-14T00:00:00Z,school-page
https://www.unsw.edu.au/study/professional-development/course/project-governance-for-leaders,"AGSM, University of New South Wales",كلية الدراسات العليا الأسترالية للإدارة (AGSM),Sydney,سيدني,Australia,أستراليا,oceania,Project Governance for Leaders,حوكمة المشاريع للقادة,"A 2-day on-campus program from AGSM, University of New South Wales, running 26 November 2026 to 27 November 2026.",برنامج حضوري لمدة يومين من كلية الدراسات العليا الأسترالية للإدارة (AGSM)، من 26 نوفمبر 2026 إلى 27 نوفمبر 2026.,operations,in-person,2026-11-26,2026-11-27,2,3950,AUD,en,,,,,,,2026-09-14T00:00:00Z,school-page
https://cbs-executive.dk/en/program/masterclass-business-innovation-in-life-science-2026,"CBS Executive, Copenhagen Business School",كلية كوبنهاغن للأعمال – التعليم التنفيذي,Copenhagen,كوبنهاغن,Denmark,الدنمارك,europe,Masterclass: Business Innovation in Life Science 2026,برنامج متقدم: الابتكار في قطاع علوم الحياة 2026,"A 3-day on-campus program from CBS Executive, Copenhagen Business School, running 1 December 2026 to 3 December 2026.",برنامج حضوري لمدة 3 أيام من كلية كوبنهاغن للأعمال – التعليم التنفيذي، من 1 ديسمبر 2026 إلى 3 ديسمبر 2026.,strategy,in-person,2026-12-01,,3,20000,DKK,en,,,,,,,2026-09-14T00:00:00Z,school-page
https://cbs-executive.dk/en/program/sustainability-transformation-accelerator,"CBS Executive, Copenhagen Business School",كلية كوبنهاغن للأعمال – التعليم التنفيذي,Copenhagen,كوبنهاغن,Denmark,الدنمارك,europe,Sustainability Transformation Accelerator,مسرّع التحوّل نحو الاستدامة,"A 3-day on-campus program from CBS Executive, Copenhagen Business School, running 8 December 2026 to 10 December 2026.",برنامج حضوري لمدة 3 أيام من كلية كوبنهاغن للأعمال – التعليم التنفيذي، من 8 ديسمبر 2026 إلى 10 ديسمبر 2026.,sustainability,in-person,2026-12-08,,3,22500,DKK,en,,,,,,,2026-09-14T00:00:00Z,school-page
https://cbs-executive.dk/en/program/digital-sovereignty-resilience-cybersecurity-in-organizations,"CBS Executive, Copenhagen Business School",كلية كوبنهاغن للأعمال – التعليم التنفيذي,Copenhagen,كوبنهاغن,Denmark,الدنمارك,europe,"Digital Sovereignty, Resilience & Cybersecurity in Organizations",السيادة الرقمية والمرونة والأمن السيبراني في المؤسسات,"A 3-day on-campus program from CBS Executive, Copenhagen Business School, running 18 January 2027 to 20 January 2027.",برنامج حضوري لمدة 3 أيام من كلية كوبنهاغن للأعمال – التعليم التنفيذي، من 18 يناير 2027 إلى 20 يناير 2027.,digital,in-person,2027-01-18,,3,20000,DKK,en,,,,,,,2026-09-14T00:00:00Z,school-page
https://cbs-executive.dk/en/program/professional-negotiation,"CBS Executive, Copenhagen Business School",كلية كوبنهاغن للأعمال – التعليم التنفيذي,Copenhagen,كوبنهاغن,Denmark,الدنمارك,europe,Professional Negotiation,التفاوض الاحترافي,"A 4-day on-campus program from CBS Executive, Copenhagen Business School, running 18 January 2027 to 21 January 2027.",برنامج حضوري لمدة 4 أيام من كلية كوبنهاغن للأعمال – التعليم التنفيذي، من 18 يناير 2027 إلى 21 يناير 2027.,negotiation,in-person,2027-01-18,,4,25000,DKK,en,,,,,,,2026-09-14T00:00:00Z,school-page
https://cbs-executive.dk/en/program/unlocking-growth-through-corporate-venturing,"CBS Executive, Copenhagen Business School",كلية كوبنهاغن للأعمال – التعليم التنفيذي,Copenhagen,كوبنهاغن,Denmark,الدنمارك,europe,Unlocking Growth through Corporate Venturing,إطلاق النمو عبر ريادة الأعمال المؤسسية,"A 3-day on-campus program from CBS Executive, Copenhagen Business School, running 26 January 2027 to 28 January 2027.",برنامج حضوري لمدة 3 أيام من كلية كوبنهاغن للأعمال – التعليم التنفيذي، من 26 يناير 2027 إلى 28 يناير 2027.,entrepreneurship,in-person,2027-01-26,,3,20000,DKK,en,,,,,,,2026-09-14T00:00:00Z,school-page
https://cbs-executive.dk/en/program/executive-special-advanced-negotiation-techniques,"CBS Executive, Copenhagen Business School",كلية كوبنهاغن للأعمال – التعليم التنفيذي,Copenhagen,كوبنهاغن,Denmark,الدنمارك,europe,Executive Special: Advanced Negotiation Techniques,برنامج تنفيذي خاص: تقنيات التفاوض المتقدمة,"A 2-day on-campus program from CBS Executive, Copenhagen Business School, running 3 February 2027 to 4 February 2027.",برنامج حضوري لمدة يومين من كلية كوبنهاغن للأعمال – التعليم التنفيذي، من 3 فبراير 2027 إلى 4 فبراير 2027.,negotiation,in-person,2027-02-03,,2,14500,DKK,en,,,,,,,2026-09-14T00:00:00Z,school-page
https://cbs-executive.dk/en/program/pragmatic-innovation-management,"CBS Executive, Copenhagen Business School",كلية كوبنهاغن للأعمال – التعليم التنفيذي,Copenhagen,كوبنهاغن,Denmark,الدنمارك,europe,Pragmatic Innovation Management,إدارة الابتكار العملي,"A 3-day on-campus program from CBS Executive, Copenhagen Business School, running 10 February 2027 to 12 February 2027.",برنامج حضوري لمدة 3 أيام من كلية كوبنهاغن للأعمال – التعليم التنفيذي، من 10 فبراير 2027 إلى 12 فبراير 2027.,strategy,in-person,2027-02-10,,3,18000,DKK,en,,,,,,,2026-09-14T00:00:00Z,school-page
https://cbs-executive.dk/en/program/borsens-bestyrelsesuddannelse-marts-2027,"CBS Executive, Copenhagen Business School",كلية كوبنهاغن للأعمال – التعليم التنفيذي,Copenhagen,كوبنهاغن,Denmark,الدنمارك,europe,Børsens Bestyrelsesuddannelse Marts 2027,برنامج Børsen لعضوية مجالس الإدارة - مارس 2027,"A 8-day on-campus program from CBS Executive, Copenhagen Business School, running 3 March 2027 to 10 March 2027.",برنامج حضوري لمدة 8 أيام من كلية كوبنهاغن للأعمال – التعليم التنفيذي، من 3 مارس 2027 إلى 10 مارس 2027.,leadership,in-person,2027-03-03,,8,69999,DKK,da,,,,,,,2026-09-14T00:00:00Z,school-page
https://cbs-executive.dk/en/program/leading-strategic-business-resilience,"CBS Executive, Copenhagen Business School",كلية كوبنهاغن للأعمال – التعليم التنفيذي,Copenhagen,كوبنهاغن,Denmark,الدنمارك,europe,Leading Strategic Business Resilience,قيادة المرونة الاستراتيجية للأعمال,"A 8-day on-campus program from CBS Executive, Copenhagen Business School, running 17 March 2027 to 24 March 2027.",برنامج حضوري لمدة 8 أيام من كلية كوبنهاغن للأعمال – التعليم التنفيذي، من 17 مارس 2027 إلى 24 مارس 2027.,strategy,in-person,2027-03-17,,8,95000,DKK,en,,,,,,,2026-09-14T00:00:00Z,school-page
https://cbs-executive.dk/en/program/cbs-executive-bestyrelsesuddannelsen-april-2027,"CBS Executive, Copenhagen Business School",كلية كوبنهاغن للأعمال – التعليم التنفيذي,Copenhagen,كوبنهاغن,Denmark,الدنمارك,europe,CBS Executive Bestyrelsesuddannelsen April 2027,برنامج CBS Executive لعضوية مجالس الإدارة - أبريل 2027,"A 16-day on-campus program from CBS Executive, Copenhagen Business School, running 15 April 2027 to 30 April 2027.",برنامج حضوري لمدة 16 يومًا من كلية كوبنهاغن للأعمال – التعليم التنفيذي، من 15 أبريل 2027 إلى 30 أبريل 2027.,leadership,in-person,2027-04-15,,16,120000,DKK,da,,,,,,,2026-09-14T00:00:00Z,school-page
https://cbs-executive.dk/en/program/grundlaeggende-bestyrelsesuddannelse-april-2027,"CBS Executive, Copenhagen Business School",كلية كوبنهاغن للأعمال – التعليم التنفيذي,Copenhagen,كوبنهاغن,Denmark,الدنمارك,europe,Grundlæggende Bestyrelsesuddannelse April 2027,البرنامج التأسيسي لعضوية مجالس الإدارة - أبريل 2027,"A 3-day on-campus program from CBS Executive, Copenhagen Business School, running 26 April 2027 to 28 April 2027.",برنامج حضوري لمدة 3 أيام من كلية كوبنهاغن للأعمال – التعليم التنفيذي، من 26 أبريل 2027 إلى 28 أبريل 2027.,leadership,in-person,2027-04-26,,3,26800,DKK,da,,,,,,,2026-09-14T00:00:00Z,school-page
https://cbs-executive.dk/en/program/grundlaeggende-bestyrelsesuddannelse-august-2027,"CBS Executive, Copenhagen Business School",كلية كوبنهاغن للأعمال – التعليم التنفيذي,Copenhagen,كوبنهاغن,Denmark,الدنمارك,europe,Grundlæggende Bestyrelsesuddannelse August 2027,البرنامج التأسيسي لعضوية مجالس الإدارة - أغسطس 2027,"A 3-day on-campus program from CBS Executive, Copenhagen Business School, running 23 August 2027 to 25 August 2027.",برنامج حضوري لمدة 3 أيام من كلية كوبنهاغن للأعمال – التعليم التنفيذي، من 23 أغسطس 2027 إلى 25 أغسطس 2027.,leadership,in-person,2027-08-23,,3,26800,DKK,da,,,,,,,2026-09-14T00:00:00Z,school-page
https://www.ccl.org/leadership-programs/fundamental-leadership-skills-training/,Center for Creative Leadership,,Greensboro,غرينزبورو,United States,الولايات المتحدة,americas,Lead 4 Success®,القيادة نحو النجاح (Lead 4 Success®),"A 5-day online program from Center for Creative Leadership, running 5 October 2026 to 9 October 2026.",برنامج عبر الإنترنت لمدة 5 أيام من Center for Creative Leadership، من 5 أكتوبر 2026 إلى 9 أكتوبر 2026.,leadership,online,2026-10-05,2026-10-09,5,1850,USD,en,,,,,,,2026-09-14T00:00:00Z,school-page
https://www.ccl.org/leadership-programs/maximizing-leadership-potential-new-manager-training/,Center for Creative Leadership,,Greensboro,غرينزبورو,United States,الولايات المتحدة,americas,Maximizing Your Leadership Potential,تعظيم إمكاناتك القيادية,"A 3-day on-campus program from Center for Creative Leadership, running 7 October 2026 to 9 October 2026.",برنامج حضوري لمدة 3 أيام من Center for Creative Leadership، من 7 أكتوبر 2026 إلى 9 أكتوبر 2026.,leadership,in-person,2026-10-07,2026-10-09,3,4400,USD,en,,,,,,,2026-09-14T00:00:00Z,school-page
https://www.ccl.org/leadership-programs/leadership-development-program/,Center for Creative Leadership,,Greensboro,غرينزبورو,United States,الولايات المتحدة,americas,Leadership Development Program (LDP)®,برنامج تطوير القيادات (LDP®),"A 5-day on-campus program from Center for Creative Leadership, running 12 October 2026 to 16 October 2026.",برنامج حضوري لمدة 5 أيام من Center for Creative Leadership، من 12 أكتوبر 2026 إلى 16 أكتوبر 2026.,leadership,in-person,2026-10-12,2026-10-16,5,8250,USD,en,,,,,,,2026-09-14T00:00:00Z,school-page
https://www.ccl.org/leadership-programs/better-conversations-every-day-coaching-culture/,Center for Creative Leadership,,Greensboro,غرينزبورو,United States,الولايات المتحدة,americas,Better Conversations Every Day™,محادثات أفضل كل يوم (Better Conversations Every Day™),"A 3-day online program from Center for Creative Leadership, running 14 October 2026 to 16 October 2026.",برنامج عبر الإنترنت لمدة 3 أيام من Center for Creative Leadership، من 14 أكتوبر 2026 إلى 16 أكتوبر 2026.,people,online,2026-10-14,2026-10-16,3,1350,USD,en,,,,,,,2026-09-14T00:00:00Z,school-page
https://www.ccl.org/leadership-programs/leadership-at-the-peak-training-for-senior-executives/,Center for Creative Leadership,,Greensboro,غرينزبورو,United States,الولايات المتحدة,americas,Leadership at the Peak,القيادة في القمة,"A 5-day on-campus program from Center for Creative Leadership, running 26 October 2026 to 30 October 2026.",برنامج حضوري لمدة 5 أيام من Center for Creative Leadership، من 26 أكتوبر 2026 إلى 30 أكتوبر 2026.,leadership,in-person,2026-10-26,2026-10-30,5,18250,SGD,en,,,,,,,2026-09-14T00:00:00Z,school-page
https://www.ccl.org/leadership-programs/leading-organizational-impact-executive-training/,Center for Creative Leadership,,Greensboro,غرينزبورو,United States,الولايات المتحدة,americas,Leading for Organizational Impact,القيادة من أجل الأثر المؤسسي,"A 5-day on-campus program from Center for Creative Leadership, running 26 October 2026 to 30 October 2026.",برنامج حضوري لمدة 5 أيام من Center for Creative Leadership، من 26 أكتوبر 2026 إلى 30 أكتوبر 2026.,leadership,in-person,2026-10-26,2026-10-30,5,10950,USD,en,,,,,,,2026-09-14T00:00:00Z,school-page
https://www.ccl.org/leadership-programs/strategic-leader/,Center for Creative Leadership,,Greensboro,غرينزبورو,United States,الولايات المتحدة,americas,Strategic Leader Program,برنامج القائد الاستراتيجي,"A 5-day on-campus program from Center for Creative Leadership, running 9 November 2026 to 13 November 2026.",برنامج حضوري لمدة 5 أيام من Center for Creative Leadership، من 9 نوفمبر 2026 إلى 13 نوفمبر 2026.,strategy,in-person,2026-11-09,2026-11-13,5,10500,EUR,en,,,,,,,2026-09-14T00:00:00Z,school-page
https://www.ccl.org/leadership-programs/succession-planning-training/,Center for Creative Leadership,,Greensboro,غرينزبورو,United States,الولايات المتحدة,americas,Succession Reimagined,إعادة تصوّر التعاقب الوظيفي,"A 3-day on-campus program from Center for Creative Leadership, running 26 January 2027 to 28 January 2027.",برنامج حضوري لمدة 3 أيام من Center for Creative Leadership، من 26 يناير 2027 إلى 28 يناير 2027.,leadership,in-person,2027-01-26,2027-01-28,3,5950,USD,en,,,,,,,2026-09-14T00:00:00Z,school-page
https://www.hks.harvard.edu/educational-programs/executive-education/strategic-management-regulatory-and-enforcement-agencies,Harvard Kennedy School,كلية كينيدي بجامعة هارفارد,Cambridge,كامبريدج,United States,الولايات المتحدة,americas,Strategic Management of Regulatory and Enforcement Agencies,الإدارة الاستراتيجية للجهات التنظيمية والرقابية,"A 6-day on-campus program from Harvard Kennedy School, running 20 September 2026 to 25 September 2026.",برنامج حضوري لمدة 6 أيام من كلية كينيدي بجامعة هارفارد، من 20 سبتمبر 2026 إلى 25 سبتمبر 2026.,operations,in-person,2026-09-20,2026-09-25,6,11300,USD,en,,,,,,,2026-09-14T00:00:00Z,school-page
https://www.hks.harvard.edu/educational-programs/executive-education/leadership-decision-making,Harvard Kennedy School,كلية كينيدي بجامعة هارفارد,Cambridge,كامبريدج,United States,الولايات المتحدة,americas,Leadership Decision Making,صنع القرار القيادي,"A 6-day on-campus program from Harvard Kennedy School, running 27 September 2026 to 2 October 2026.",برنامج حضوري لمدة 6 أيام من كلية كينيدي بجامعة هارفارد، من 27 سبتمبر 2026 إلى 2 أكتوبر 2026.,leadership,in-person,2026-09-27,2026-10-02,6,11300,USD,en,,,,,,,2026-09-14T00:00:00Z,school-page
https://www.hks.harvard.edu/educational-programs/executive-education/executive-leaders-government,Harvard Kennedy School,كلية كينيدي بجامعة هارفارد,Cambridge,كامبريدج,United States,الولايات المتحدة,americas,Executive Leaders and Government,القادة التنفيذيون والحكومة,"A 13-day on-campus program from Harvard Kennedy School, running 18 October 2026 to 30 October 2026.",برنامج حضوري لمدة 13 يومًا من كلية كينيدي بجامعة هارفارد، من 18 أكتوبر 2026 إلى 30 أكتوبر 2026.,leadership,in-person,2026-10-18,2026-10-30,13,18900,USD,en,,,,,,,2026-09-14T00:00:00Z,school-page
https://www.hks.harvard.edu/educational-programs/executive-education/ai-action,Harvard Kennedy School,كلية كينيدي بجامعة هارفارد,Cambridge,كامبريدج,United States,الولايات المتحدة,americas,AI in Action: Organizational Strategy for the Responsible Adoption of AI,الذكاء الاصطناعي في الممارسة: استراتيجية تنظيمية للتبني المسؤول للذكاء الاصطناعي,"A 12-day online program from Harvard Kennedy School, running 26 October 2026 to 6 November 2026.",برنامج عبر الإنترنت لمدة 12 يومًا من كلية كينيدي بجامعة هارفارد، من 26 أكتوبر 2026 إلى 6 نوفمبر 2026.,digital,online,2026-10-26,2026-11-06,12,2495,USD,en,,,,,,,2026-09-14T00:00:00Z,school-page
https://www.hks.harvard.edu/educational-programs/executive-education/strategic-leadership-enhancing-your-personal-effectiveness,Harvard Kennedy School,كلية كينيدي بجامعة هارفارد,Cambridge,كامبريدج,United States,الولايات المتحدة,americas,Strategic Leadership: Enhancing Your Personal Effectiveness,القيادة الاستراتيجية: تعزيز فاعليتك الشخصية,"A 5-day online program from Harvard Kennedy School, running 2 November 2026 to 6 November 2026.",برنامج عبر الإنترنت لمدة 5 أيام من كلية كينيدي بجامعة هارفارد، من 2 نوفمبر 2026 إلى 6 نوفمبر 2026.,leadership,online,2026-11-02,2026-11-06,5,5900,USD,en,,,,,,,2026-09-14T00:00:00Z,school-page
https://www.hks.harvard.edu/educational-programs/executive-education/investment-decisions-and-behavioral-finance,Harvard Kennedy School,كلية كينيدي بجامعة هارفارد,Cambridge,كامبريدج,United States,الولايات المتحدة,americas,Investment Decisions and Behavioral Finance,قرارات الاستثمار والتمويل السلوكي,"A 3-day on-campus program from Harvard Kennedy School, running 4 November 2026 to 6 November 2026.",برنامج حضوري لمدة 3 أيام من كلية كينيدي بجامعة هارفارد، من 4 نوفمبر 2026 إلى 6 نوفمبر 2026.,finance,in-person,2026-11-04,2026-11-06,3,6100,USD,en,,,,,,,2026-09-14T00:00:00Z,school-page
https://www.hks.harvard.edu/educational-programs/executive-education/senior-executives-national-and-international-security,Harvard Kennedy School,كلية كينيدي بجامعة هارفارد,Cambridge,كامبريدج,United States,الولايات المتحدة,americas,Senior Executives in National and International Security,كبار التنفيذيين في الأمن الوطني والدولي,"A 6-day on-campus program from Harvard Kennedy School, running 30 November 2026 to 5 December 2026.",برنامج حضوري لمدة 6 أيام من كلية كينيدي بجامعة هارفارد، من 30 نوفمبر 2026 إلى 5 ديسمبر 2026.,leadership,in-person,2026-11-30,2026-12-05,6,11500,USD,en,,,,,,,2026-09-14T00:00:00Z,school-page
https://www.hks.harvard.edu/educational-programs/executive-education/emerging-leaders,Harvard Kennedy School,كلية كينيدي بجامعة هارفارد,Cambridge,كامبريدج,United States,الولايات المتحدة,americas,Emerging Leaders,القادة الصاعدون,"A 6-day on-campus program from Harvard Kennedy School, running 6 December 2026 to 11 December 2026.",برنامج حضوري لمدة 6 أيام من كلية كينيدي بجامعة هارفارد، من 6 ديسمبر 2026 إلى 11 ديسمبر 2026.,leadership,in-person,2026-12-06,2026-12-11,6,11300,USD,en,,,,,,,2026-09-14T00:00:00Z,school-page
https://www.hks.harvard.edu/educational-programs/executive-education/leadership-21st-century,Harvard Kennedy School,كلية كينيدي بجامعة هارفارد,Cambridge,كامبريدج,United States,الولايات المتحدة,americas,Leadership for the 21st Century,القيادة في القرن الحادي والعشرين,"A 6-day on-campus program from Harvard Kennedy School, running 24 January 2027 to 29 January 2027.",برنامج حضوري لمدة 6 أيام من كلية كينيدي بجامعة هارفارد، من 24 يناير 2027 إلى 29 يناير 2027.,leadership,in-person,2027-01-24,2027-01-29,6,12900,USD,en,,,,,,,2026-09-14T00:00:00Z,school-page
https://www.hks.harvard.edu/educational-programs/executive-education/message-media-leadership-ai,Harvard Kennedy School,كلية كينيدي بجامعة هارفارد,Cambridge,كامبريدج,United States,الولايات المتحدة,americas,"Message, Media and Leadership in the Age of AI",الرسالة والإعلام والقيادة في عصر الذكاء الاصطناعي,"A 12-day online program from Harvard Kennedy School, running 1 February 2027 to 12 February 2027.",برنامج عبر الإنترنت لمدة 12 يومًا من كلية كينيدي بجامعة هارفارد، من 1 فبراير 2027 إلى 12 فبراير 2027.,leadership,online,2027-02-01,2027-02-12,12,4900,USD,en,,,,,,,2026-09-14T00:00:00Z,school-page
https://www.hks.harvard.edu/educational-programs/executive-education/crisis-leadership-higher-education,Harvard Kennedy School,كلية كينيدي بجامعة هارفارد,Cambridge,كامبريدج,United States,الولايات المتحدة,americas,Crisis Leadership in Higher Education,القيادة في الأزمات بمؤسسات التعليم العالي,"A 4-day on-campus program from Harvard Kennedy School, running 9 February 2027 to 12 February 2027.",برنامج حضوري لمدة 4 أيام من كلية كينيدي بجامعة هارفارد، من 9 فبراير 2027 إلى 12 فبراير 2027.,leadership,in-person,2027-02-09,2027-02-12,4,6100,USD,en,,,,,,,2026-09-14T00:00:00Z,school-page
https://www.hks.harvard.edu/educational-programs/executive-education/behavioral-insights-and-public-policy,Harvard Kennedy School,كلية كينيدي بجامعة هارفارد,Cambridge,كامبريدج,United States,الولايات المتحدة,americas,Behavioral Insights and Public Policy,الرؤى السلوكية والسياسات العامة,"A 18-day online program from Harvard Kennedy School, running 22 February 2027 to 11 March 2027.",برنامج عبر الإنترنت لمدة 18 يومًا من كلية كينيدي بجامعة هارفارد، من 22 فبراير 2027 إلى 11 مارس 2027.,strategy,online,2027-02-22,2027-03-11,18,4900,USD,en,,,,,,,2026-09-14T00:00:00Z,school-page
https://www.hks.harvard.edu/educational-programs/executive-education/leadership-social-impact,Harvard Kennedy School,كلية كينيدي بجامعة هارفارد,Cambridge,كامبريدج,United States,الولايات المتحدة,americas,Leadership for Social Impact,القيادة من أجل الأثر الاجتماعي,"A 4-day on-campus program from Harvard Kennedy School, running 15 March 2027 to 18 March 2027.",برنامج حضوري لمدة 4 أيام من كلية كينيدي بجامعة هارفارد، من 15 مارس 2027 إلى 18 مارس 2027.,leadership,in-person,2027-03-15,2027-03-18,4,7100,USD,en,,,,,,,2026-09-14T00:00:00Z,school-page
https://www.hks.harvard.edu/educational-programs/executive-education/negotiation-strategies,Harvard Kennedy School,كلية كينيدي بجامعة هارفارد,Cambridge,كامبريدج,United States,الولايات المتحدة,americas,Negotiation Strategies: Building Agreement Across Boundaries,استراتيجيات التفاوض: بناء الاتفاق عبر الحدود,"A 5-day online program from Harvard Kennedy School, running 22 March 2027 to 26 March 2027.",برنامج عبر الإنترنت لمدة 5 أيام من كلية كينيدي بجامعة هارفارد، من 22 مارس 2027 إلى 26 مارس 2027.,negotiation,online,2027-03-22,2027-03-26,5,5100,USD,en,,,,,,,2026-09-14T00:00:00Z,school-page
https://www.hks.harvard.edu/educational-programs/executive-education/leadership-crises,Harvard Kennedy School,كلية كينيدي بجامعة هارفارد,Cambridge,كامبريدج,United States,الولايات المتحدة,americas,Leadership in Crises,القيادة في الأزمات,"A 6-day on-campus program from Harvard Kennedy School, running 4 April 2027 to 9 April 2027.",برنامج حضوري لمدة 6 أيام من كلية كينيدي بجامعة هارفارد، من 4 أبريل 2027 إلى 9 أبريل 2027.,leadership,in-person,2027-04-04,2027-04-09,6,10900,USD,en,,,,,,,2026-09-14T00:00:00Z,school-page
https://www.hks.harvard.edu/educational-programs/executive-education/women-and-power,Harvard Kennedy School,كلية كينيدي بجامعة هارفارد,Cambridge,كامبريدج,United States,الولايات المتحدة,americas,Women and Power,المرأة والسلطة,"A 6-day on-campus program from Harvard Kennedy School, running 11 April 2027 to 16 April 2027.",برنامج حضوري لمدة 6 أيام من كلية كينيدي بجامعة هارفارد، من 11 أبريل 2027 إلى 16 أبريل 2027.,leadership,in-person,2027-04-11,2027-04-16,6,10900,USD,en,,,,,,,2026-09-14T00:00:00Z,school-page
https://www.hks.harvard.edu/educational-programs/executive-education/driving-nonprofit-performance-and-innovation,Harvard Kennedy School,كلية كينيدي بجامعة هارفارد,Cambridge,كامبريدج,United States,الولايات المتحدة,americas,Driving Nonprofit Performance and Innovation,تعزيز الأداء والابتكار في القطاع غير الربحي,"A 9-day online program from Harvard Kennedy School, running 15 April 2027 to 23 April 2027.",برنامج عبر الإنترنت لمدة 9 أيام من كلية كينيدي بجامعة هارفارد، من 15 أبريل 2027 إلى 23 أبريل 2027.,operations,online,2027-04-15,2027-04-23,9,4400,USD,en,,,,,,,2026-09-14T00:00:00Z,school-page
https://www.hks.harvard.edu/educational-programs/executive-education/strategies-inclusive-growth,Harvard Kennedy School,كلية كينيدي بجامعة هارفارد,Cambridge,كامبريدج,United States,الولايات المتحدة,americas,Strategies for Inclusive Growth,استراتيجيات النمو الشامل,"A 6-day on-campus program from Harvard Kennedy School, running 25 April 2027 to 30 April 2027.",برنامج حضوري لمدة 6 أيام من كلية كينيدي بجامعة هارفارد، من 25 أبريل 2027 إلى 30 أبريل 2027.,strategy,in-person,2027-04-25,2027-04-30,6,10600,USD,en,,,,,,,2026-09-14T00:00:00Z,school-page
https://www.hks.harvard.edu/educational-programs/executive-education/infrastructure-financing-regulation-and-management,Harvard Kennedy School,كلية كينيدي بجامعة هارفارد,Cambridge,كامبريدج,United States,الولايات المتحدة,americas,"Infrastructure Financing, Regulation, and Management",تمويل البنية التحتية وتنظيمها وإدارتها,"A 6-day on-campus program from Harvard Kennedy School, running 2 May 2027 to 7 May 2027.",برنامج حضوري لمدة 6 أيام من كلية كينيدي بجامعة هارفارد، من 2 مايو 2027 إلى 7 مايو 2027.,finance,in-person,2027-05-02,2027-05-07,6,10600,USD,en,,,,,,,2026-09-14T00:00:00Z,school-page
https://www.hks.harvard.edu/educational-programs/executive-education/leadership-emerging-technology-security-strategy-risk,Harvard Kennedy School,كلية كينيدي بجامعة هارفارد,Cambridge,كامبريدج,United States,الولايات المتحدة,americas,"Leadership in Emerging Technology: Security, Strategy & Risk",القيادة في التقنيات الناشئة: الأمن والاستراتيجية والمخاطر,"A 6-day on-campus program from Harvard Kennedy School, running 2 May 2027 to 7 May 2027.",برنامج حضوري لمدة 6 أيام من كلية كينيدي بجامعة هارفارد، من 2 مايو 2027 إلى 7 مايو 2027.,digital,in-person,2027-05-02,2027-05-07,6,11200,USD,en,,,,,,,2026-09-14T00:00:00Z,school-page
https://www.hks.harvard.edu/educational-programs/executive-education/major-events-navigating-opportunities-and-challenges,Harvard Kennedy School,كلية كينيدي بجامعة هارفارد,Cambridge,كامبريدج,United States,الولايات المتحدة,americas,Major Events: Navigating Opportunities and Challenges,الفعاليات الكبرى: استثمار الفرص ومواجهة التحديات,"A 4-day on-campus program from Harvard Kennedy School, running 10 May 2027 to 13 May 2027.",برنامج حضوري لمدة 4 أيام من كلية كينيدي بجامعة هارفارد، من 10 مايو 2027 إلى 13 مايو 2027.,operations,in-person,2027-05-10,2027-05-13,4,7100,USD,en,,,,,,,2026-09-14T00:00:00Z,school-page
https://www.hks.harvard.edu/educational-programs/executive-education/persuasive-communication-narrative-evidence-and-impact,Harvard Kennedy School,كلية كينيدي بجامعة هارفارد,Cambridge,كامبريدج,United States,الولايات المتحدة,americas,"Persuasive Communication: Narrative, Evidence, and Impact",التواصل الإقناعي: السرد والبراهين والأثر,"A 12-day online program from Harvard Kennedy School, running 10 May 2027 to 21 May 2027.",برنامج عبر الإنترنت لمدة 12 يومًا من كلية كينيدي بجامعة هارفارد، من 10 مايو 2027 إلى 21 مايو 2027.,leadership,online,2027-05-10,2027-05-21,12,4900,USD,en,,,,,,,2026-09-14T00:00:00Z,school-page
https://www.hks.harvard.edu/educational-programs/executive-education/leading-green-growth-economic-strategies-low-carbon-world,Harvard Kennedy School,كلية كينيدي بجامعة هارفارد,Cambridge,كامبريدج,United States,الولايات المتحدة,americas,Leading Green Growth: Economic Strategies for a Low-Carbon World,قيادة النمو الأخضر: استراتيجيات اقتصادية لعالم منخفض الكربون,"A 6-day on-campus program from Harvard Kennedy School, running 16 May 2027 to 21 May 2027.",برنامج حضوري لمدة 6 أيام من كلية كينيدي بجامعة هارفارد، من 16 مايو 2027 إلى 21 مايو 2027.,sustainability,in-person,2027-05-16,2027-05-21,6,10600,USD,en,,,,,,,2026-09-14T00:00:00Z,school-page
https://www.hks.harvard.edu/educational-programs/executive-education/art-and-practice-leadership-development,Harvard Kennedy School,كلية كينيدي بجامعة هارفارد,Cambridge,كامبريدج,United States,الولايات المتحدة,americas,Art and Practice of Leadership Development,فن وممارسة تطوير القيادة,"A 6-day on-campus program from Harvard Kennedy School, running 6 June 2027 to 11 June 2027.",برنامج حضوري لمدة 6 أيام من كلية كينيدي بجامعة هارفارد، من 6 يونيو 2027 إلى 11 يونيو 2027.,leadership,in-person,2027-06-06,2027-06-11,6,11300,USD,en,,,,,,,2026-09-14T00:00:00Z,school-page
https://www.hks.harvard.edu/educational-programs/executive-education/senior-executives-state-and-local-government,Harvard Kennedy School,كلية كينيدي بجامعة هارفارد,Cambridge,كامبريدج,United States,الولايات المتحدة,americas,Senior Executives in State and Local Government,كبار التنفيذيين في الحكومات الإقليمية والمحلية,"A 19-day on-campus program from Harvard Kennedy School, running 7 June 2027 to 25 June 2027.",برنامج حضوري لمدة 19 يومًا من كلية كينيدي بجامعة هارفارد، من 7 يونيو 2027 إلى 25 يونيو 2027.,leadership,in-person,2027-06-07,2027-06-25,19,17900,USD,en,,,,,,,2026-09-14T00:00:00Z,school-page
https://www.hks.harvard.edu/educational-programs/executive-education/empowering-black-leaders,Harvard Kennedy School,كلية كينيدي بجامعة هارفارد,Cambridge,كامبريدج,United States,الولايات المتحدة,americas,How to Empower Black Leaders: Strategies for Personal and Professional Success,تمكين القادة السود: استراتيجيات للنجاح الشخصي والمهني,"A 4-day on-campus program from Harvard Kennedy School, running 22 June 2027 to 25 June 2027.",برنامج حضوري لمدة 4 أيام من كلية كينيدي بجامعة هارفارد، من 22 يونيو 2027 إلى 25 يونيو 2027.,people,in-person,2027-06-22,2027-06-25,4,7100,USD,en,,,,,,,2026-09-14T00:00:00Z,school-page
https://www.hks.harvard.edu/educational-programs/executive-education/leading-artificial-intelligence,Harvard Kennedy School,كلية كينيدي بجامعة هارفارد,Cambridge,كامبريدج,United States,الولايات المتحدة,americas,Leading in Artificial Intelligence: Exploring Technology and Policy,القيادة في الذكاء الاصطناعي: استكشاف التقنية والسياسات,"A 6-day on-campus program from Harvard Kennedy School, running 11 July 2027 to 16 July 2027.",برنامج حضوري لمدة 6 أيام من كلية كينيدي بجامعة هارفارد، من 11 يوليو 2027 إلى 16 يوليو 2027.,digital,in-person,2027-07-11,2027-07-16,6,11700,USD,en,,,,,,,2026-09-14T00:00:00Z,school-page
https://www.hks.harvard.edu/educational-programs/executive-education/leading-successful-programs,Harvard Kennedy School,كلية كينيدي بجامعة هارفارد,Cambridge,كامبريدج,United States,الولايات المتحدة,americas,Leading Successful Programs: Using Evidence to Assess Effectiveness,قيادة البرامج الناجحة: توظيف الأدلة لتقييم الفعالية,"A 6-day on-campus program from Harvard Kennedy School, running 18 July 2027 to 23 July 2027.",برنامج حضوري لمدة 6 أيام من كلية كينيدي بجامعة هارفارد، من 18 يوليو 2027 إلى 23 يوليو 2027.,operations,in-person,2027-07-18,2027-07-23,6,10900,USD,en,,,,,,,2026-09-14T00:00:00Z,school-page
https://www.hks.harvard.edu/educational-programs/executive-education/cybersecurity,Harvard Kennedy School,كلية كينيدي بجامعة هارفارد,Cambridge,كامبريدج,United States,الولايات المتحدة,americas,Cybersecurity: The Intersection of Policy and Technology,الأمن السيبراني: تقاطع السياسات والتقنية,"A 6-day on-campus program from Harvard Kennedy School, running 25 July 2027 to 30 July 2027.",برنامج حضوري لمدة 6 أيام من كلية كينيدي بجامعة هارفارد، من 25 يوليو 2027 إلى 30 يوليو 2027.,digital,in-person,2027-07-25,2027-07-30,6,11300,USD,en,,,,,,,2026-09-14T00:00:00Z,school-page
https://www.hks.harvard.edu/educational-programs/executive-education/comparative-tax-policy-and-administration,Harvard Kennedy School,كلية كينيدي بجامعة هارفارد,Cambridge,كامبريدج,United States,الولايات المتحدة,americas,Comparative Tax Policy and Administration,السياسات الضريبية المقارنة وإدارتها,"A 12-day on-campus program from Harvard Kennedy School, running 16 August 2027 to 27 August 2027.",برنامج حضوري لمدة 12 يومًا من كلية كينيدي بجامعة هارفارد، من 16 أغسطس 2027 إلى 27 أغسطس 2027.,finance,in-person,2027-08-16,2027-08-27,12,13900,USD,en,,,,,,,2026-09-14T00:00:00Z,school-page
https://www.imd.org/digital-transformation/aisi/ai-strategy-and-implementation/,IMD Business School,كلية IMD للأعمال,Lausanne,لوزان,Switzerland,سويسرا,europe,AI Strategy and Implementation,استراتيجية الذكاء الاصطناعي وتطبيقها,"A 5-day on-campus program from IMD Business School, running 14 September 2026 to 18 September 2026.",برنامج حضوري لمدة 5 أيام من كلية IMD للأعمال، من 14 سبتمبر 2026 إلى 18 سبتمبر 2026.,digital,in-person,2026-09-14,2026-09-18,5,10900,CHF,en,,,,,,,2026-09-14T00:00:00Z,school-page
https://www.imd.org/leadership/chm/change-management-program/,IMD Business School,كلية IMD للأعمال,Lausanne,لوزان,Switzerland,سويسرا,europe,Change Management,إدارة التغيير,"A 25-day online program from IMD Business School, running 14 September 2026 to 18 October 2026.",برنامج عبر الإنترنت لمدة 25 يومًا من كلية IMD للأعمال، من 14 سبتمبر 2026 إلى 18 أكتوبر 2026.,leadership,online,2026-09-14,2026-10-18,25,1950,CHF,en,,,,,,,2026-09-14T00:00:00Z,school-page
https://www.imd.org/leadership/cm/crisis-management-online-course/,IMD Business School,كلية IMD للأعمال,Lausanne,لوزان,Switzerland,سويسرا,europe,Crisis Management,إدارة الأزمات,"A 25-day online program from IMD Business School, running 14 September 2026 to 18 October 2026.",برنامج عبر الإنترنت لمدة 25 يومًا من كلية IMD للأعمال، من 14 سبتمبر 2026 إلى 18 أكتوبر 2026.,leadership,online,2026-09-14,2026-10-18,25,1950,CHF,en,,,,,,,2026-09-14T00:00:00Z,school-page
https://www.imd.org/digital-transformation/aiso/ai-strategies-online-course/,IMD Business School,كلية IMD للأعمال,Lausanne,لوزان,Switzerland,سويسرا,europe,AI Strategies: From Analytics to Agents,استراتيجيات الذكاء الاصطناعي: من التحليلات إلى الوكلاء الأذكياء,"A 25-day online program from IMD Business School, running 28 September 2026 to 1 November 2026.",برنامج عبر الإنترنت لمدة 25 يومًا من كلية IMD للأعمال، من 28 سبتمبر 2026 إلى 1 نوفمبر 2026.,digital,online,2026-09-28,2026-11-01,25,1950,CHF,en,,,,,,,2026-09-14T00:00:00Z,school-page
https://www.imd.org/digital-transformation/ldait/leading-digital-ai-transformation/,IMD Business School,كلية IMD للأعمال,Lausanne,لوزان,Switzerland,سويسرا,europe,Leading Digital and AI Transformation,قيادة التحول الرقمي والذكاء الاصطناعي,"A 5-day on-campus program from IMD Business School, running 28 September 2026 to 2 October 2026.",برنامج حضوري لمدة 5 أيام من كلية IMD للأعمال، من 28 سبتمبر 2026 إلى 2 أكتوبر 2026.,digital,in-person,2026-09-28,2026-10-02,5,10900,CHF,en,,,,,,,2026-09-14T00:00:00Z,school-page
https://www.imd.org/sprint/leadership-ai/,IMD Business School,كلية IMD للأعمال,Lausanne,لوزان,Switzerland,سويسرا,europe,Leading Teams in the AI Era Sprint,قيادة الفرق في عصر الذكاء الاصطناعي: برنامج مكثف,"A 5-day online program from IMD Business School, starting 28 September 2026.",برنامج عبر الإنترنت لمدة 5 أيام من كلية IMD للأعمال، يبدأ في 28 سبتمبر 2026.,leadership,online,2026-09-28,,5,950,CHF,en,,,,,,,2026-09-14T00:00:00Z,school-page
https://www.imd.org/human-resources/ogl/organizational-leadership-course/,IMD Business School,كلية IMD للأعمال,Lausanne,لوزان,Switzerland,سويسرا,europe,Organizational Leadership,القيادة المؤسسية,"A 25-day online program from IMD Business School, running 28 September 2026 to 1 November 2026.",برنامج عبر الإنترنت لمدة 25 يومًا من كلية IMD للأعمال، من 28 سبتمبر 2026 إلى 1 نوفمبر 2026.,people,online,2026-09-28,2026-11-01,25,1950,CHF,en,,,,,,,2026-09-14T00:00:00Z,school-page
https://www.imd.org/sprint/resilient-leadership/,IMD Business School,كلية IMD للأعمال,Lausanne,لوزان,Switzerland,سويسرا,europe,Resilient Leadership Sprint,القيادة المرنة: برنامج مكثف,"A 10-day online program from IMD Business School, starting 28 September 2026.",برنامج عبر الإنترنت لمدة 10 أيام من كلية IMD للأعمال، يبدأ في 28 سبتمبر 2026.,leadership,online,2026-09-28,,10,950,CHF,en,,,,,,,2026-09-14T00:00:00Z,school-page
https://www.imd.org/management/tbl/business-leadership-training/,IMD Business School,كلية IMD للأعمال,Lausanne,لوزان,Switzerland,سويسرا,europe,Transition to Business Leadership,الانتقال إلى قيادة الأعمال,"A 20-day on-campus program from IMD Business School, running 28 September 2026 to 27 November 2026.",برنامج حضوري لمدة 20 يومًا من كلية IMD للأعمال، من 28 سبتمبر 2026 إلى 27 نوفمبر 2026.,leadership,in-person,2026-09-28,2026-11-27,20,32500,CHF,en,,,,,,,2026-09-14T00:00:00Z,school-page
https://www.imd.org/leadership/hpl/leadership-training/,IMD Business School,كلية IMD للأعمال,Lausanne,لوزان,Switzerland,سويسرا,europe,High Performance Leadership,القيادة عالية الأداء,"A 6-day on-campus program from IMD Business School, running 4 October 2026 to 9 October 2026.",برنامج حضوري لمدة 6 أيام من كلية IMD للأعمال، من 4 أكتوبر 2026 إلى 9 أكتوبر 2026.,leadership,in-person,2026-10-04,2026-10-09,6,14900,CHF,en,,,,,,,2026-09-14T00:00:00Z,school-page
https://www.imd.org/leadership/lbc/leading-behavioral-change-online-course/,IMD Business School,كلية IMD للأعمال,Lausanne,لوزان,Switzerland,سويسرا,europe,Leading Behavioral Change,قيادة التغيير السلوكي,"A 40-day online program from IMD Business School, running 5 October 2026 to 29 November 2026.",برنامج عبر الإنترنت لمدة 40 يومًا من كلية IMD للأعمال، من 5 أكتوبر 2026 إلى 29 نوفمبر 2026.,people,online,2026-10-05,2026-11-29,40,2950,CHF,en,,,,,,,2026-09-14T00:00:00Z,school-page
https://www.imd.org/sustainability/lsbt/leading-sustainable-business-transformation/,IMD Business School,كلية IMD للأعمال,Lausanne,لوزان,Switzerland,سويسرا,europe,Leading Sustainable Business Transformation,قيادة التحول المستدام في الأعمال,"A 6-day blended program from IMD Business School, running 5 October 2026 to 18 November 2026.",برنامج مدمج لمدة 6 أيام من كلية IMD للأعمال، من 5 أكتوبر 2026 إلى 18 نوفمبر 2026.,sustainability,blended,2026-10-05,2026-11-18,6,9900,CHF,en,,,,,,,2026-09-14T00:00:00Z,school-page
https://www.imd.org/leadership/mp/team-leadership-program/,IMD Business School,كلية IMD للأعمال,Lausanne,لوزان,Switzerland,سويسرا,europe,Mobilizing People,تعبئة الطاقات البشرية,"A 9-day on-campus program from IMD Business School, running 15 October 2026 to 23 October 2026.",برنامج حضوري لمدة 9 أيام من كلية IMD للأعمال، من 15 أكتوبر 2026 إلى 23 أكتوبر 2026.,leadership,in-person,2026-10-15,2026-10-23,9,23000,CHF,en,,,,,,,2026-09-14T00:00:00Z,school-page
https://www.imd.org/leadership/ahpl/advanced-leadership-training/,IMD Business School,كلية IMD للأعمال,Lausanne,لوزان,Switzerland,سويسرا,europe,Advanced High Performance Leadership,القيادة عالية الأداء المتقدمة,"A 5-day on-campus program from IMD Business School, running 19 October 2026 to 23 October 2026.",برنامج حضوري لمدة 5 أيام من كلية IMD للأعمال، من 19 أكتوبر 2026 إلى 23 أكتوبر 2026.,leadership,in-person,2026-10-19,2026-10-23,5,9500,CHF,en,,,,,,,2026-09-14T00:00:00Z,school-page
https://www.imd.org/leadership/il/inspirational-leadership-course/,IMD Business School,كلية IMD للأعمال,Lausanne,لوزان,Switzerland,سويسرا,europe,Inspirational Leadership,القيادة الملهمة,"A 40-day online program from IMD Business School, running 19 October 2026 to 13 December 2026.",برنامج عبر الإنترنت لمدة 40 يومًا من كلية IMD للأعمال، من 19 أكتوبر 2026 إلى 13 ديسمبر 2026.,leadership,online,2026-10-19,2026-12-13,40,2950,CHF,en,,,,,,,2026-09-14T00:00:00Z,school-page
https://www.imd.org/owp/sessions/singapore-2026/,IMD Business School,كلية IMD للأعمال,Lausanne,لوزان,Switzerland,سويسرا,europe,Orchestrating Winning Performance,تنسيق الأداء الرابح (Orchestrating Winning Performance),"A 5-day on-campus program from IMD Business School, running 19 October 2026 to 23 October 2026.",برنامج حضوري لمدة 5 أيام من كلية IMD للأعمال، من 19 أكتوبر 2026 إلى 23 أكتوبر 2026.,strategy,in-person,2026-10-19,2026-10-23,5,16900,SGD,en,,,,,,,2026-09-14T00:00:00Z,school-page
https://www.imd.org/leadership/al/advanced-leadership-program/,IMD Business School,كلية IMD للأعمال,Lausanne,لوزان,Switzerland,سويسرا,europe,Advanced Leadership,القيادة المتقدمة,"A 25-day online program from IMD Business School, running 2 November 2026 to 6 December 2026.",برنامج عبر الإنترنت لمدة 25 يومًا من كلية IMD للأعمال، من 2 نوفمبر 2026 إلى 6 ديسمبر 2026.,leadership,online,2026-11-02,2026-12-06,25,1950,CHF,en,,,,,,,2026-09-14T00:00:00Z,school-page
https://www.imd.org/leadership/le/leadership-essentials-course/,IMD Business School,كلية IMD للأعمال,Lausanne,لوزان,Switzerland,سويسرا,europe,Leadership Essentials,أساسيات القيادة,"A 25-day online program from IMD Business School, running 2 November 2026 to 6 December 2026.",برنامج عبر الإنترنت لمدة 25 يومًا من كلية IMD للأعمال، من 2 نوفمبر 2026 إلى 6 ديسمبر 2026.,leadership,online,2026-11-02,2026-12-06,25,1950,CHF,en,,,,,,,2026-09-14T00:00:00Z,school-page
https://www.imd.org/leadership/lhi/leading-for-high-impact/,IMD Business School,كلية IMD للأعمال,Lausanne,لوزان,Switzerland,سويسرا,europe,Leading for High Impact,القيادة لتحقيق أثر عالٍ,"A 5-day on-campus program from IMD Business School, running 2 November 2026 to 6 November 2026.",برنامج حضوري لمدة 5 أيام من كلية IMD للأعمال، من 2 نوفمبر 2026 إلى 6 نوفمبر 2026.,leadership,in-person,2026-11-02,2026-11-06,5,17900,SGD,en,,,,,,,2026-09-14T00:00:00Z,school-page
https://www.imd.org/human-resources/ola/organizational-learning/,IMD Business School,كلية IMD للأعمال,Lausanne,لوزان,Switzerland,سويسرا,europe,Organizational Learning in Action,التعلّم المؤسسي موضع التطبيق,"A 4-day blended program from IMD Business School, running 2 November 2026 to 4 December 2026.",برنامج مدمج لمدة 4 أيام من كلية IMD للأعمال، من 2 نوفمبر 2026 إلى 4 ديسمبر 2026.,people,blended,2026-11-02,2026-12-04,4,9000,CHF,en,,,,,,,2026-09-14T00:00:00Z,school-page
https://www.imd.org/management/fl/future-leaders-program/,IMD Business School,كلية IMD للأعمال,Lausanne,لوزان,Switzerland,سويسرا,europe,Future Leaders,قادة المستقبل,"A 12-day blended program from IMD Business School, running 3 November 2026 to 4 March 2027.",برنامج مدمج لمدة 12 يومًا من كلية IMD للأعمال، من 3 نوفمبر 2026 إلى 4 مارس 2027.,leadership,blended,2026-11-03,2027-03-04,12,19900,CHF,en,,,,,,,2026-09-14T00:00:00Z,school-page
https://www.imd.org/leadership/lhpt/leading-high-performance-teams/,IMD Business School,كلية IMD للأعمال,Lausanne,لوزان,Switzerland,سويسرا,europe,Leading High-Performance Teams,قيادة الفرق عالية الأداء,"A 4-day on-campus program from IMD Business School, running 3 November 2026 to 6 November 2026.",برنامج حضوري لمدة 4 أيام من كلية IMD للأعمال، من 3 نوفمبر 2026 إلى 6 نوفمبر 2026.,leadership,in-person,2026-11-03,2026-11-06,4,7900,CHF,en,,,,,,,2026-09-14T00:00:00Z,school-page
https://www.imd.org/management/sfse/executive-leadership-forum/,IMD Business School,كلية IMD للأعمال,Lausanne,لوزان,Switzerland,سويسرا,europe,Strategic Forum for Senior Executives,المنتدى الاستراتيجي لكبار التنفيذيين,"A 3-day on-campus program from IMD Business School, running 9 November 2026 to 11 November 2026.",برنامج حضوري لمدة 3 أيام من كلية IMD للأعمال، من 9 نوفمبر 2026 إلى 11 نوفمبر 2026.,strategy,in-person,2026-11-09,2026-11-11,3,6900,CHF,en,,,,,,,2026-09-14T00:00:00Z,school-page
https://www.imd.org/leadership/f90d/the-first-90-days/,IMD Business School,كلية IMD للأعمال,Lausanne,لوزان,Switzerland,سويسرا,europe,The First 90 Days®,الأيام التسعون الأولى®,"A 3-day online program from IMD Business School, running 8 December 2026 to 10 December 2026.",برنامج عبر الإنترنت لمدة 3 أيام من كلية IMD للأعمال، من 8 ديسمبر 2026 إلى 10 ديسمبر 2026.,leadership,online,2026-12-08,2026-12-10,3,3900,CHF,en,,,,,,,2026-09-14T00:00:00Z,school-page
https://www.imd.org/innovation/dsi/driving-strategic-innovation/,IMD Business School,كلية IMD للأعمال,Lausanne,لوزان,Switzerland,سويسرا,europe,Driving Strategic Innovation,قيادة الابتكار الاستراتيجي,"A 6-day on-campus program from IMD Business School, running 25 April 2027 to 30 April 2027.",برنامج حضوري لمدة 6 أيام من كلية IMD للأعمال، من 25 أبريل 2027 إلى 30 أبريل 2027.,strategy,in-person,2027-04-25,2027-04-30,6,11500,CHF,en,,,,,,,2026-09-14T00:00:00Z,school-page
https://www.kellogg.northwestern.edu/executive-education/individual-programs/executive-programs/compete.aspx,Kellogg School of Management,كلية كيلوغ للإدارة,Evanston,إيفانستون,United States,الولايات المتحدة,americas,Competitive Strategy,الاستراتيجية التنافسية,"A 5-day on-campus program from Kellogg School of Management, running 14 September 2026 to 18 September 2026.",برنامج حضوري لمدة 5 أيام من كلية كيلوغ للإدارة، من 14 سبتمبر 2026 إلى 18 سبتمبر 2026.,strategy,in-person,2026-09-14,2026-09-18,5,9950,USD,en,,,,,,,2026-09-14T00:00:00Z,school-page
https://www.kellogg.northwestern.edu/executive-education/individual-programs/executive-programs/leadai.aspx,Kellogg School of Management,كلية كيلوغ للإدارة,Evanston,إيفانستون,United States,الولايات المتحدة,americas,Leading with AI,القيادة بالذكاء الاصطناعي,"A 4-day on-campus program from Kellogg School of Management, running 14 September 2026 to 17 September 2026.",برنامج حضوري لمدة 4 أيام من كلية كيلوغ للإدارة، من 14 سبتمبر 2026 إلى 17 سبتمبر 2026.,data,in-person,2026-09-14,2026-09-17,4,12500,USD,en,,,,,,,2026-09-14T00:00:00Z,school-page
https://www.kellogg.northwestern.edu/executive-education/individual-programs/executive-programs/opstrat.aspx,Kellogg School of Management,كلية كيلوغ للإدارة,Evanston,إيفانستون,United States,الولايات المتحدة,americas,Operations Strategy,استراتيجية العمليات,"A 3-day on-campus program from Kellogg School of Management, running 14 September 2026 to 16 September 2026.",برنامج حضوري لمدة 3 أيام من كلية كيلوغ للإدارة، من 14 سبتمبر 2026 إلى 16 سبتمبر 2026.,operations,in-person,2026-09-14,2026-09-16,3,8950,USD,en,,,,,,,2026-09-14T00:00:00Z,school-page
https://www.kellogg.northwestern.edu/executive-education/individual-programs/online-programs/bmkt.aspx,Kellogg School of Management,كلية كيلوغ للإدارة,Evanston,إيفانستون,United States,الولايات المتحدة,americas,B2B Marketing: Growth Strategies for Your Organization,التسويق بين الشركات (B2B): استراتيجيات النمو لمؤسستك,"A 45-day online program from Kellogg School of Management, running 17 September 2026 to 12 November 2026.",برنامج عبر الإنترنت لمدة 45 يومًا من كلية كيلوغ للإدارة، من 17 سبتمبر 2026 إلى 12 نوفمبر 2026.,marketing,online,2026-09-17,2026-11-12,45,2850,USD,en,,,,,,,2026-09-14T00:00:00Z,school-page
https://www.kellogg.northwestern.edu/executive-education/individual-programs/executive-programs/lsphere.aspx,Kellogg School of Management,كلية كيلوغ للإدارة,Evanston,إيفانستون,United States,الولايات المتحدة,americas,The Leader Within,القائد الكامن بداخلك,"A 5-day on-campus program from Kellogg School of Management, running 21 September 2026 to 25 September 2026.",برنامج حضوري لمدة 5 أيام من كلية كيلوغ للإدارة، من 21 سبتمبر 2026 إلى 25 سبتمبر 2026.,leadership,in-person,2026-09-21,2026-09-25,5,11500,USD,en,,,,,,,2026-09-14T00:00:00Z,school-page
https://www.kellogg.northwestern.edu/executive-education/individual-programs/executive-programs/brand.aspx,Kellogg School of Management,كلية كيلوغ للإدارة,Evanston,إيفانستون,United States,الولايات المتحدة,americas,Building Strong Brands,بناء العلامات التجارية القوية,"A 5-day on-campus program from Kellogg School of Management, running 28 September 2026 to 2 October 2026.",برنامج حضوري لمدة 5 أيام من كلية كيلوغ للإدارة، من 28 سبتمبر 2026 إلى 2 أكتوبر 2026.,marketing,in-person,2026-09-28,2026-10-02,5,9450,USD,en,,,,,,,2026-09-14T00:00:00Z,school-page
https://www.kellogg.northwestern.edu/executive-education/individual-programs/executive-programs/cmsa.aspx,Kellogg School of Management,كلية كيلوغ للإدارة,Evanston,إيفانستون,United States,الولايات المتحدة,americas,Creating and Managing Strategic Alliances,بناء التحالفات الاستراتيجية وإدارتها,"A 5-day online program from Kellogg School of Management, running 28 September 2026 to 2 October 2026.",برنامج عبر الإنترنت لمدة 5 أيام من كلية كيلوغ للإدارة، من 28 سبتمبر 2026 إلى 2 أكتوبر 2026.,strategy,online,2026-09-28,2026-10-02,5,4950,USD,en,,,,,,,2026-09-14T00:00:00Z,school-page
https://www.kellogg.northwestern.edu/executive-education/individual-programs/executive-programs/family.aspx,Kellogg School of Management,كلية كيلوغ للإدارة,Evanston,إيفانستون,United States,الولايات المتحدة,americas,Governing Family Enterprises,حوكمة المنشآت العائلية,"A 11-day blended program from Kellogg School of Management, running 29 September 2026 to 9 October 2026.",برنامج مدمج لمدة 11 يومًا من كلية كيلوغ للإدارة، من 29 سبتمبر 2026 إلى 9 أكتوبر 2026.,leadership,blended,2026-09-29,2026-10-09,11,12000,USD,en,,,,,,,2026-09-14T00:00:00Z,school-page
https://www.kellogg.northwestern.edu/executive-education/individual-programs/executive-programs/focus.aspx,Kellogg School of Management,كلية كيلوغ للإدارة,Evanston,إيفانستون,United States,الولايات المتحدة,americas,The Customer-Focused Organization,المؤسسة المرتكزة على العميل,"A 4-day on-campus program from Kellogg School of Management, running 29 September 2026 to 2 October 2026.",برنامج حضوري لمدة 4 أيام من كلية كيلوغ للإدارة، من 29 سبتمبر 2026 إلى 2 أكتوبر 2026.,leadership,in-person,2026-09-29,2026-10-02,4,9950,USD,en,,,,,,,2026-09-14T00:00:00Z,school-page
https://www.kellogg.northwestern.edu/executive-education/individual-programs/executive-programs/innovate.aspx,Kellogg School of Management,كلية كيلوغ للإدارة,Evanston,إيفانستون,United States,الولايات المتحدة,americas,Innovation to Drive Growth,الابتكار محركاً للنمو,"A 4-day on-campus program from Kellogg School of Management, running 5 October 2026 to 8 October 2026.",برنامج حضوري لمدة 4 أيام من كلية كيلوغ للإدارة، من 5 أكتوبر 2026 إلى 8 أكتوبر 2026.,entrepreneurship,in-person,2026-10-05,2026-10-08,4,11500,USD,en,,,,,,,2026-09-14T00:00:00Z,school-page
https://www.kellogg.northwestern.edu/executive-education/individual-programs/online-programs/kaml.aspx,Kellogg School of Management,كلية كيلوغ للإدارة,Evanston,إيفانستون,United States,الولايات المتحدة,americas,Kellogg Accelerated Marketing Leadership Program,برنامج كيلوغ المكثف للقيادة التسويقية (Kellogg Accelerated Marketing Leadership Program),"A 120-day online program from Kellogg School of Management, running 8 October 2026 to 8 April 2027.",برنامج عبر الإنترنت لمدة 120 يومًا من كلية كيلوغ للإدارة، من 8 أكتوبر 2026 إلى 8 أبريل 2027.,marketing,online,2026-10-08,2027-04-08,120,7550,USD,en,,,,,,,2026-09-14T00:00:00Z,school-page
https://www.kellogg.northwestern.edu/executive-education/individual-programs/executive-programs/edp.aspx,Kellogg School of Management,كلية كيلوغ للإدارة,Evanston,إيفانستون,United States,الولايات المتحدة,americas,Executive Development Program,البرنامج التنفيذي للتطوير القيادي,"A 20-day blended program from Kellogg School of Management, running 11 October 2026 to 30 October 2026.",برنامج مدمج لمدة 20 يومًا من كلية كيلوغ للإدارة، من 11 أكتوبر 2026 إلى 30 أكتوبر 2026.,leadership,blended,2026-10-11,2026-10-30,20,39500,USD,en,,,,,,,2026-09-14T00:00:00Z,school-page
https://www.kellogg.northwestern.edu/executive-education/individual-programs/executive-programs/mw.aspx,Kellogg School of Management,كلية كيلوغ للإدارة,Evanston,إيفانستون,United States,الولايات المتحدة,americas,Mergers + Acquisitions,الاندماج والاستحواذ,"A 6-day on-campus program from Kellogg School of Management, running 11 October 2026 to 16 October 2026.",برنامج حضوري لمدة 6 أيام من كلية كيلوغ للإدارة، من 11 أكتوبر 2026 إلى 16 أكتوبر 2026.,finance,in-person,2026-10-11,2026-10-16,6,13100,USD,en,,,,,,,2026-09-14T00:00:00Z,school-page
https://www.kellogg.northwestern.edu/executive-education/individual-programs/executive-programs/collaborate.aspx,Kellogg School of Management,كلية كيلوغ للإدارة,Evanston,إيفانستون,United States,الولايات المتحدة,americas,Constructive Collaboration,التعاون البنّاء,"A 5-day online program from Kellogg School of Management, running 12 October 2026 to 16 October 2026.",برنامج عبر الإنترنت لمدة 5 أيام من كلية كيلوغ للإدارة، من 12 أكتوبر 2026 إلى 16 أكتوبر 2026.,leadership,online,2026-10-12,2026-10-16,5,6500,USD,en,,,,,,,2026-09-14T00:00:00Z,school-page
https://www.kellogg.northwestern.edu/executive-education/individual-programs/online-programs/hpmc.aspx,Kellogg School of Management,كلية كيلوغ للإدارة,Evanston,إيفانستون,United States,الولايات المتحدة,americas,Advertising and Marketing Communication Strategy,استراتيجية الإعلان والاتصال التسويقي,"A 40-day online program from Kellogg School of Management, running 15 October 2026 to 3 December 2026.",برنامج عبر الإنترنت لمدة 40 يومًا من كلية كيلوغ للإدارة، من 15 أكتوبر 2026 إلى 3 ديسمبر 2026.,marketing,online,2026-10-15,2026-12-03,40,2000,USD,en,,,,,,,2026-09-14T00:00:00Z,school-page
https://www.kellogg.northwestern.edu/executive-education/individual-programs/executive-programs/btob.aspx,Kellogg School of Management,كلية كيلوغ للإدارة,Evanston,إيفانستون,United States,الولايات المتحدة,americas,Business Marketing Strategy,استراتيجية التسويق للأعمال,"A 4-day on-campus program from Kellogg School of Management, running 19 October 2026 to 22 October 2026.",برنامج حضوري لمدة 4 أيام من كلية كيلوغ للإدارة، من 19 أكتوبر 2026 إلى 22 أكتوبر 2026.,marketing,in-person,2026-10-19,2026-10-22,4,11500,USD,en,,,,,,,2026-09-14T00:00:00Z,school-page
https://www.kellogg.northwestern.edu/executive-education/individual-programs/online-programs/ol-hisales.aspx,Kellogg School of Management,كلية كيلوغ للإدارة,Evanston,إيفانستون,United States,الولايات المتحدة,americas,Mastering Sales: The Digital and AI Toolkit for Success,احتراف المبيعات: أدوات النجاح الرقمية والذكاء الاصطناعي,"A 50-day online program from Kellogg School of Management, running 22 October 2026 to 14 January 2027.",برنامج عبر الإنترنت لمدة 50 يومًا من كلية كيلوغ للإدارة، من 22 أكتوبر 2026 إلى 14 يناير 2027.,marketing,online,2026-10-22,2027-01-14,50,2825,USD,en,,,,,,,2026-09-14T00:00:00Z,school-page
https://www.kellogg.northwestern.edu/executive-education/individual-programs/executive-programs/sales.aspx,Kellogg School of Management,كلية كيلوغ للإدارة,Evanston,إيفانستون,United States,الولايات المتحدة,americas,B2B Sales Force Strategy & Effectiveness in the Digital Age,استراتيجية وفعالية فرق المبيعات بين الشركات (B2B) في العصر الرقمي,"A 5-day on-campus program from Kellogg School of Management, running 26 October 2026 to 30 October 2026.",برنامج حضوري لمدة 5 أيام من كلية كيلوغ للإدارة، من 26 أكتوبر 2026 إلى 30 أكتوبر 2026.,marketing,in-person,2026-10-26,2026-10-30,5,9950,USD,en,,,,,,,2026-09-14T00:00:00Z,school-page
https://www.kellogg.northwestern.edu/executive-education/individual-programs/executive-programs/team.aspx,Kellogg School of Management,كلية كيلوغ للإدارة,Evanston,إيفانستون,United States,الولايات المتحدة,americas,Building & Leading Effective Teams,بناء الفرق الفعالة وقيادتها,"A 5-day online program from Kellogg School of Management, running 26 October 2026 to 30 October 2026.",برنامج عبر الإنترنت لمدة 5 أيام من كلية كيلوغ للإدارة، من 26 أكتوبر 2026 إلى 30 أكتوبر 2026.,leadership,online,2026-10-26,2026-10-30,5,6500,USD,en,,,,,,,2026-09-14T00:00:00Z,school-page
https://www.kellogg.northwestern.edu/executive-education/individual-programs/executive-programs/bizgrowth.aspx,Kellogg School of Management,كلية كيلوغ للإدارة,Evanston,إيفانستون,United States,الولايات المتحدة,americas,Delivering Business Growth,تحقيق نمو الأعمال,"A 4-day on-campus program from Kellogg School of Management, running 26 October 2026 to 29 October 2026.",برنامج حضوري لمدة 4 أيام من كلية كيلوغ للإدارة، من 26 أكتوبر 2026 إلى 29 أكتوبر 2026.,entrepreneurship,in-person,2026-10-26,2026-10-29,4,9950,USD,en,,,,,,,2026-09-14T00:00:00Z,school-page
https://www.kellogg.northwestern.edu/executive-education/individual-programs/executive-programs/famboard.aspx,Kellogg School of Management,كلية كيلوغ للإدارة,Evanston,إيفانستون,United States,الولايات المتحدة,americas,Family Enterprise Boards,مجالس إدارة المنشآت العائلية,"A 11-day blended program from Kellogg School of Management, running 27 October 2026 to 6 November 2026.",برنامج مدمج لمدة 11 يومًا من كلية كيلوغ للإدارة، من 27 أكتوبر 2026 إلى 6 نوفمبر 2026.,leadership,blended,2026-10-27,2026-11-06,11,12000,USD,en,,,,,,,2026-09-14T00:00:00Z,school-page
https://www.kellogg.northwestern.edu/executive-education/individual-programs/executive-programs/finexec.aspx,Kellogg School of Management,كلية كيلوغ للإدارة,Evanston,إيفانستون,United States,الولايات المتحدة,americas,Finance for Executives,المالية للتنفيذيين,"A 6-day on-campus program from Kellogg School of Management, running 1 November 2026 to 6 November 2026.",برنامج حضوري لمدة 6 أيام من كلية كيلوغ للإدارة، من 1 نوفمبر 2026 إلى 6 نوفمبر 2026.,finance,in-person,2026-11-01,2026-11-06,6,11500,USD,en,,,,,,,2026-09-14T00:00:00Z,school-page
https://www.kellogg.northwestern.edu/executive-education/individual-programs/executive-programs/director.aspx,Kellogg School of Management,كلية كيلوغ للإدارة,Evanston,إيفانستون,United States,الولايات المتحدة,americas,Corporate Governance,حوكمة الشركات,"A 4-day on-campus program from Kellogg School of Management, running 2 November 2026 to 5 November 2026.",برنامج حضوري لمدة 4 أيام من كلية كيلوغ للإدارة، من 2 نوفمبر 2026 إلى 5 نوفمبر 2026.,leadership,in-person,2026-11-02,2026-11-05,4,11500,USD,en,,,,,,,2026-09-14T00:00:00Z,school-page
https://www.kellogg.northwestern.edu/executive-education/individual-programs/executive-programs/people.aspx,Kellogg School of Management,كلية كيلوغ للإدارة,Evanston,إيفانستون,United States,الولايات المتحدة,americas,Energizing People for Performance,تنشيط طاقات الأفراد لرفع الأداء,"A 4-day on-campus program from Kellogg School of Management, running 9 November 2026 to 12 November 2026.",برنامج حضوري لمدة 4 أيام من كلية كيلوغ للإدارة، من 9 نوفمبر 2026 إلى 12 نوفمبر 2026.,people,in-person,2026-11-09,2026-11-12,4,9950,USD,en,,,,,,,2026-09-14T00:00:00Z,school-page
https://www.kellogg.northwestern.edu/executive-education/individual-programs/executive-programs/lean.aspx,Kellogg School of Management,كلية كيلوغ للإدارة,Evanston,إيفانستون,United States,الولايات المتحدة,americas,Lean Operations,العمليات وفق منهجية لين (Lean),"A 3-day on-campus program from Kellogg School of Management, running 9 November 2026 to 11 November 2026.",برنامج حضوري لمدة 3 أيام من كلية كيلوغ للإدارة، من 9 نوفمبر 2026 إلى 11 نوفمبر 2026.,operations,in-person,2026-11-09,2026-11-11,3,8950,USD,en,,,,,,,2026-09-14T00:00:00Z,school-page
https://www.kellogg.northwestern.edu/executive-education/individual-programs/executive-programs/newscience.aspx,Kellogg School of Management,كلية كيلوغ للإدارة,Evanston,إيفانستون,United States,الولايات المتحدة,americas,The Strategy of Leadership,استراتيجية القيادة,"A 3-day on-campus program from Kellogg School of Management, running 9 November 2026 to 11 November 2026.",برنامج حضوري لمدة 3 أيام من كلية كيلوغ للإدارة، من 9 نوفمبر 2026 إلى 11 نوفمبر 2026.,leadership,in-person,2026-11-09,2026-11-11,3,10450,USD,en,,,,,,,2026-09-14T00:00:00Z,school-page
https://www.kellogg.northwestern.edu/executive-education/individual-programs/executive-programs/admark.aspx,Kellogg School of Management,كلية كيلوغ للإدارة,Evanston,إيفانستون,United States,الولايات المتحدة,americas,Advanced Marketing Management,الإدارة التسويقية المتقدمة,"A 5-day on-campus program from Kellogg School of Management, running 16 November 2026 to 20 November 2026.",برنامج حضوري لمدة 5 أيام من كلية كيلوغ للإدارة، من 16 نوفمبر 2026 إلى 20 نوفمبر 2026.,marketing,in-person,2026-11-16,2026-11-20,5,9950,USD,en,,,,,,,2026-09-14T00:00:00Z,school-page
https://www.kellogg.northwestern.edu/executive-education/individual-programs/executive-programs/orgchange.aspx,Kellogg School of Management,كلية كيلوغ للإدارة,Evanston,إيفانستون,United States,الولايات المتحدة,americas,Driving Organizational Change,قيادة التغيير المؤسسي,"A 4-day on-campus program from Kellogg School of Management, running 16 November 2026 to 19 November 2026.",برنامج حضوري لمدة 4 أيام من كلية كيلوغ للإدارة، من 16 نوفمبر 2026 إلى 19 نوفمبر 2026.,leadership,in-person,2026-11-16,2026-11-19,4,8950,USD,en,,,,,,,2026-09-14T00:00:00Z,school-page
https://www.kellogg.northwestern.edu/executive-education/individual-programs/online-programs/prodstrat.aspx,Kellogg School of Management,كلية كيلوغ للإدارة,Evanston,إيفانستون,United States,الولايات المتحدة,americas,AI-Driven Product Strategy,استراتيجية المنتجات المدفوعة بالذكاء الاصطناعي,"A 45-day online program from Kellogg School of Management, running 19 November 2026 to 21 January 2027.",برنامج عبر الإنترنت لمدة 45 يومًا من كلية كيلوغ للإدارة، من 19 نوفمبر 2026 إلى 21 يناير 2027.,strategy,online,2026-11-19,2027-01-21,45,3100,USD,en,,,,,,,2026-09-14T00:00:00Z,school-page
https://www.kellogg.northwestern.edu/executive-education/individual-programs/online-programs/bstrat.aspx,Kellogg School of Management,كلية كيلوغ للإدارة,Evanston,إيفانستون,United States,الولايات المتحدة,americas,Build a Winning Brand,بناء علامة تجارية رابحة,"A 30-day online program from Kellogg School of Management, running 26 November 2026 to 14 January 2027.",برنامج عبر الإنترنت لمدة 30 يومًا من كلية كيلوغ للإدارة، من 26 نوفمبر 2026 إلى 14 يناير 2027.,marketing,online,2026-11-26,2027-01-14,30,2650,USD,en,,,,,,,2026-09-14T00:00:00Z,school-page
https://www.kellogg.northwestern.edu/executive-education/individual-programs/online-programs/ol-emdigmark.aspx,Kellogg School of Management,كلية كيلوغ للإدارة,Evanston,إيفانستون,United States,الولايات المتحدة,americas,"Digital Marketing Strategies: Data, Automation, AI & Analytics",استراتيجيات التسويق الرقمي: البيانات والأتمتة والذكاء الاصطناعي والتحليلات,"A 45-day online program from Kellogg School of Management, running 26 November 2026 to 21 January 2027.",برنامج عبر الإنترنت لمدة 45 يومًا من كلية كيلوغ للإدارة، من 26 نوفمبر 2026 إلى 21 يناير 2027.,marketing,online,2026-11-26,2027-01-21,45,2850,USD,en,,,,,,,2026-09-14T00:00:00Z,school-page
https://www.kellogg.northwestern.edu/executive-education/individual-programs/executive-programs/mneg.aspx,Kellogg School of Management,كلية كيلوغ للإدارة,Evanston,إيفانستون,United States,الولايات المتحدة,americas,Negotiation Master Class,برنامج متقدم في التفاوض,"A 12-day online program from Kellogg School of Management, running 30 November 2026 to 11 December 2026.",برنامج عبر الإنترنت لمدة 12 يومًا من كلية كيلوغ للإدارة، من 30 نوفمبر 2026 إلى 11 ديسمبر 2026.,negotiation,online,2026-11-30,2026-12-11,12,6900,USD,en,,,,,,,2026-09-14T00:00:00Z,school-page
https://www.kellogg.northwestern.edu/executive-education/individual-programs/online-programs/grst.aspx,Kellogg School of Management,كلية كيلوغ للإدارة,Evanston,إيفانستون,United States,الولايات المتحدة,americas,"Business Strategies for Growth: Fewer, Bigger, Bolder",استراتيجيات النمو: أقل عددًا وأكبر أثرًا وأكثر جرأة,"A 35-day online program from Kellogg School of Management, running 21 January 2027 to 4 March 2027.",برنامج عبر الإنترنت لمدة 35 يومًا من كلية كيلوغ للإدارة، من 21 يناير 2027 إلى 4 مارس 2027.,strategy,online,2027-01-21,2027-03-04,35,2650,USD,en,,,,,,,2026-09-14T00:00:00Z,school-page
https://www.kellogg.northwestern.edu/executive-education/individual-programs/online-programs/eom.aspx,Kellogg School of Management,كلية كيلوغ للإدارة,Evanston,إيفانستون,United States,الولايات المتحدة,americas,Marketing Strategy & Tactics,استراتيجيات التسويق وتكتيكاته,"A 60-day online program from Kellogg School of Management, running 25 January 2027 to 25 April 2027.",برنامج عبر الإنترنت لمدة 60 يومًا من كلية كيلوغ للإدارة، من 25 يناير 2027 إلى 25 أبريل 2027.,marketing,online,2027-01-25,2027-04-25,60,2750,USD,en,,,,,,,2026-09-14T00:00:00Z,school-page
https://www.kellogg.northwestern.edu/executive-education/individual-programs/online-programs/busan.aspx,Kellogg School of Management,كلية كيلوغ للإدارة,Evanston,إيفانستون,United States,الولايات المتحدة,americas,Business Analytics: Data-Driven Strategy,تحليلات الأعمال: استراتيجية قائمة على البيانات,"A 45-day online program from Kellogg School of Management, running 11 February 2027 to 8 April 2027.",برنامج عبر الإنترنت لمدة 45 يومًا من كلية كيلوغ للإدارة، من 11 فبراير 2027 إلى 8 أبريل 2027.,data,online,2027-02-11,2027-04-08,45,2700,USD,en,,,,,,,2026-09-14T00:00:00Z,school-page
https://www.kellogg.northwestern.edu/executive-education/individual-programs/executive-programs/fameg.aspx,Kellogg School of Management,كلية كيلوغ للإدارة,Evanston,إيفانستون,United States,الولايات المتحدة,americas,Governing for Generational Growth,الحوكمة من أجل النمو عبر الأجيال,"A 11-day blended program from Kellogg School of Management, running 16 February 2027 to 26 February 2027.",برنامج مدمج لمدة 11 يومًا من كلية كيلوغ للإدارة، من 16 فبراير 2027 إلى 26 فبراير 2027.,leadership,blended,2027-02-16,2027-02-26,11,12000,USD,en,,,,,,,2026-09-14T00:00:00Z,school-page
https://www.kellogg.northwestern.edu/executive-education/individual-programs/executive-programs/famoff.aspx,Kellogg School of Management,كلية كيلوغ للإدارة,Evanston,إيفانستون,United States,الولايات المتحدة,americas,The Single Family Office,مكتب العائلة الواحدة,"A 3-day on-campus program from Kellogg School of Management, running 8 June 2027 to 10 June 2027.",برنامج حضوري لمدة 3 أيام من كلية كيلوغ للإدارة، من 8 يونيو 2027 إلى 10 يونيو 2027.,leadership,in-person,2027-06-08,2027-06-10,3,7000,USD,en,,,,,,,2026-09-14T00:00:00Z,school-page
https://executive.mit.edu/course/frontiers-of-generative-ai-in-business/a05U1000002xz4jIAA.html,MIT Sloan School of Management,كلية سلون للإدارة بمعهد ماساتشوستس للتكنولوجيا,Cambridge,كامبريدج,United States,الولايات المتحدة,americas,Frontiers of Generative AI in Business,آفاق الذكاء الاصطناعي التوليدي في قطاع الأعمال,"A 2-day on-campus program from MIT Sloan School of Management, running 22 September 2026 to 23 September 2026.",برنامج حضوري لمدة يومين من كلية سلون للإدارة بمعهد ماساتشوستس للتكنولوجيا، من 22 سبتمبر 2026 إلى 23 سبتمبر 2026.,digital,in-person,2026-09-22,2026-09-23,2,5900,USD,en,,,,,,,2026-09-14T00:00:00Z,school-page
https://executive.mit.edu/course/ai-essentials/a05U1000009xGLJIA2.html,MIT Sloan School of Management,كلية سلون للإدارة بمعهد ماساتشوستس للتكنولوجيا,Cambridge,كامبريدج,United States,الولايات المتحدة,americas,AI Essentials: Accelerating Impactful Adoption,أساسيات الذكاء الاصطناعي: تسريع التبني الفعّال,"A 2-day on-campus program from MIT Sloan School of Management, running 24 September 2026 to 25 September 2026.",برنامج حضوري لمدة يومين من كلية سلون للإدارة بمعهد ماساتشوستس للتكنولوجيا، من 24 سبتمبر 2026 إلى 25 سبتمبر 2026.,digital,in-person,2026-09-24,2026-09-25,2,5700,USD,en,,,,,,,2026-09-14T00:00:00Z,school-page
https://executive.mit.edu/course/artificial-intelligence-for-financial-services/a05U100000BIm1RIAT.html,MIT Sloan School of Management,كلية سلون للإدارة بمعهد ماساتشوستس للتكنولوجيا,Cambridge,كامبريدج,United States,الولايات المتحدة,americas,"Artificial Intelligence for Financial Services: Tools, Opportunities, and Challenges",الذكاء الاصطناعي في الخدمات المالية: الأدوات والفرص والتحديات,"A 2-day on-campus program from MIT Sloan School of Management, running 1 October 2026 to 2 October 2026.",برنامج حضوري لمدة يومين من كلية سلون للإدارة بمعهد ماساتشوستس للتكنولوجيا، من 1 أكتوبر 2026 إلى 2 أكتوبر 2026.,finance,in-person,2026-10-01,2026-10-02,2,5900,USD,en,,,,,,,2026-09-14T00:00:00Z,school-page
https://executive.mit.edu/course/driving-strategic-innovation/a056g00000URaMqAAL.html,MIT Sloan School of Management,كلية سلون للإدارة بمعهد ماساتشوستس للتكنولوجيا,Cambridge,كامبريدج,United States,الولايات المتحدة,americas,Driving Strategic Innovation: Achieving High Performance Throughout the Value Chain,قيادة الابتكار الاستراتيجي: تحقيق الأداء المتفوق عبر سلسلة القيمة,"A 6-day on-campus program from MIT Sloan School of Management, running 4 October 2026 to 9 October 2026.",برنامج حضوري لمدة 6 أيام من كلية سلون للإدارة بمعهد ماساتشوستس للتكنولوجيا، من 4 أكتوبر 2026 إلى 9 أكتوبر 2026.,strategy,in-person,2026-10-04,2026-10-09,6,12900,USD,en,,,,,,,2026-09-14T00:00:00Z,school-page
https://executive.mit.edu/course/visual-management-for-competitive-advantage/a056g00000URaMuAAL.html,MIT Sloan School of Management,كلية سلون للإدارة بمعهد ماساتشوستس للتكنولوجيا,Cambridge,كامبريدج,United States,الولايات المتحدة,americas,Visual Management for Competitive Advantage: MIT's Approach to Efficient and Agile Work,الإدارة البصرية لتحقيق الميزة التنافسية: منهج معهد MIT للعمل الكفؤ والرشيق,"A 2-day on-campus program from MIT Sloan School of Management, running 6 October 2026 to 7 October 2026.",برنامج حضوري لمدة يومين من كلية سلون للإدارة بمعهد ماساتشوستس للتكنولوجيا، من 6 أكتوبر 2026 إلى 7 أكتوبر 2026.,operations,in-person,2026-10-06,2026-10-07,2,4900,USD,en,,,,,,,2026-09-14T00:00:00Z,school-page
https://executive.mit.edu/course/ai-risk-and-readiness/a05U100000E3vJRIAZ.html,MIT Sloan School of Management,كلية سلون للإدارة بمعهد ماساتشوستس للتكنولوجيا,Cambridge,كامبريدج,United States,الولايات المتحدة,americas,AI Risk and Readiness: From Governance to Growth,مخاطر الذكاء الاصطناعي والتأهب لها: من الحوكمة إلى النمو,"A 2-day on-campus program from MIT Sloan School of Management, running 8 October 2026 to 9 October 2026.",برنامج حضوري لمدة يومين من كلية سلون للإدارة بمعهد ماساتشوستس للتكنولوجيا، من 8 أكتوبر 2026 إلى 9 أكتوبر 2026.,digital,in-person,2026-10-08,2026-10-09,2,5700,USD,en,,,,,,,2026-09-14T00:00:00Z,school-page
https://executive.mit.edu/course/implementing-agentic-ai/a05U100000CvoPOIAZ.html,MIT Sloan School of Management,كلية سلون للإدارة بمعهد ماساتشوستس للتكنولوجيا,Cambridge,كامبريدج,United States,الولايات المتحدة,americas,Implementing Agentic AI: Building Your Organizational Playbook,تطبيق الذكاء الاصطناعي الوكيل: بناء دليل عمل مؤسستكم,"A 15-day online program from MIT Sloan School of Management, running 12 October 2026 to 3 November 2026.",برنامج عبر الإنترنت لمدة 15 يومًا من كلية سلون للإدارة بمعهد ماساتشوستس للتكنولوجيا، من 12 أكتوبر 2026 إلى 3 نوفمبر 2026.,digital,online,2026-10-12,2026-11-03,15,1900,USD,en,,,,,,,2026-09-14T00:00:00Z,school-page
https://executive.mit.edu/course/developing-a-leading-edge-operations-strategy/a056g00000URaMoAAL.html,MIT Sloan School of Management,كلية سلون للإدارة بمعهد ماساتشوستس للتكنولوجيا,Cambridge,كامبريدج,United States,الولايات المتحدة,americas,Developing a Leading Edge Operations Strategy,بناء استراتيجية تشغيلية ريادية,"A 2-day on-campus program from MIT Sloan School of Management, running 13 October 2026 to 14 October 2026.",برنامج حضوري لمدة يومين من كلية سلون للإدارة بمعهد ماساتشوستس للتكنولوجيا، من 13 أكتوبر 2026 إلى 14 أكتوبر 2026.,operations,in-person,2026-10-13,2026-10-14,2,4900,USD,en,,,,,,,2026-09-14T00:00:00Z,school-page
https://executive.mit.edu/course/leading-technical-professionals-and-teams/a05U1000006sQeoIAE.html,MIT Sloan School of Management,كلية سلون للإدارة بمعهد ماساتشوستس للتكنولوجيا,Cambridge,كامبريدج,United States,الولايات المتحدة,americas,Leading Technical Professionals and Teams,قيادة المختصين التقنيين وفرقهم,"A 2-day on-campus program from MIT Sloan School of Management, running 13 October 2026 to 14 October 2026.",برنامج حضوري لمدة يومين من كلية سلون للإدارة بمعهد ماساتشوستس للتكنولوجيا، من 13 أكتوبر 2026 إلى 14 أكتوبر 2026.,leadership,in-person,2026-10-13,2026-10-14,2,4900,USD,en,,,,,,,2026-09-14T00:00:00Z,school-page
https://executive.mit.edu/course/leading-through-storytelling/a05U100000FS8urIAD.html,MIT Sloan School of Management,كلية سلون للإدارة بمعهد ماساتشوستس للتكنولوجيا,Cambridge,كامبريدج,United States,الولايات المتحدة,americas,Leading Through Storytelling: The Human Advantage in the Age of AI,القيادة عبر السرد القصصي: الميزة الإنسانية في عصر الذكاء الاصطناعي,"A 2-day on-campus program from MIT Sloan School of Management, running 15 October 2026 to 16 October 2026.",برنامج حضوري لمدة يومين من كلية سلون للإدارة بمعهد ماساتشوستس للتكنولوجيا، من 15 أكتوبر 2026 إلى 16 أكتوبر 2026.,leadership,in-person,2026-10-15,2026-10-16,2,5300,USD,en,,,,,,,2026-09-14T00:00:00Z,school-page
https://executive.mit.edu/course/supply-chain-strategy-and-management/a056g00000URaN6AAL.html,MIT Sloan School of Management,كلية سلون للإدارة بمعهد ماساتشوستس للتكنولوجيا,Cambridge,كامبريدج,United States,الولايات المتحدة,americas,Supply Chain Strategy and Management,استراتيجية سلسلة الإمداد وإدارتها,"A 2-day on-campus program from MIT Sloan School of Management, running 15 October 2026 to 16 October 2026.",برنامج حضوري لمدة يومين من كلية سلون للإدارة بمعهد ماساتشوستس للتكنولوجيا، من 15 أكتوبر 2026 إلى 16 أكتوبر 2026.,operations,in-person,2026-10-15,2026-10-16,2,4900,USD,en,,,,,,,2026-09-14T00:00:00Z,school-page
https://executive.mit.edu/course/understanding-and-solving-complex-business-problems/a056g00000URaNBAA1.html,MIT Sloan School of Management,كلية سلون للإدارة بمعهد ماساتشوستس للتكنولوجيا,Cambridge,كامبريدج,United States,الولايات المتحدة,americas,Understanding and Solving Complex Business Problems,فهم المشكلات التجارية المعقدة وحلها,"A 2-day on-campus program from MIT Sloan School of Management, running 15 October 2026 to 16 October 2026.",برنامج حضوري لمدة يومين من كلية سلون للإدارة بمعهد ماساتشوستس للتكنولوجيا، من 15 أكتوبر 2026 إلى 16 أكتوبر 2026.,strategy,in-person,2026-10-15,2026-10-16,2,4900,USD,en,,,,,,,2026-09-14T00:00:00Z,school-page
https://executive.mit.edu/course/future-family-enterprise/a056g00000URaa8AAD.html,MIT Sloan School of Management,كلية سلون للإدارة بمعهد ماساتشوستس للتكنولوجيا,Cambridge,كامبريدج,United States,الولايات المتحدة,americas,Future Family Enterprise: Sustaining Multigenerational Success,مستقبل المنشأة العائلية: استدامة النجاح عبر الأجيال,"A 6-day on-campus program from MIT Sloan School of Management, running 18 October 2026 to 23 October 2026.",برنامج حضوري لمدة 6 أيام من كلية سلون للإدارة بمعهد ماساتشوستس للتكنولوجيا، من 18 أكتوبر 2026 إلى 23 أكتوبر 2026.,entrepreneurship,in-person,2026-10-18,2026-10-23,6,13900,USD,en,,,,,,,2026-09-14T00:00:00Z,school-page
https://executive.mit.edu/course/questions-are-the-answer/a056g00000URaaHAAT.html,MIT Sloan School of Management,كلية سلون للإدارة بمعهد ماساتشوستس للتكنولوجيا,Cambridge,كامبريدج,United States,الولايات المتحدة,americas,"Questions Are the Answer: A Creative Approach to AI-Enhanced Inquiry, Insight, and Impact",الأسئلة هي الإجابة: منهج إبداعي للاستقصاء والبصيرة والأثر المعزَّز بالذكاء الاصطناعي,"A 2-day on-campus program from MIT Sloan School of Management, running 20 October 2026 to 21 October 2026.",برنامج حضوري لمدة يومين من كلية سلون للإدارة بمعهد ماساتشوستس للتكنولوجيا، من 20 أكتوبر 2026 إلى 21 أكتوبر 2026.,leadership,in-person,2026-10-20,2026-10-21,2,4900,USD,en,,,,,,,2026-09-14T00:00:00Z,school-page
https://executive.mit.edu/course/navigating-transitions-during-ai-driven-change/a056g00000URaaWAAT.html,MIT Sloan School of Management,كلية سلون للإدارة بمعهد ماساتشوستس للتكنولوجيا,Cambridge,كامبريدج,United States,الولايات المتحدة,americas,Navigating Transitions During AI-Driven Change,إدارة مراحل الانتقال في ظل التغيير المدفوع بالذكاء الاصطناعي,"A 2-day on-campus program from MIT Sloan School of Management, running 22 October 2026 to 23 October 2026.",برنامج حضوري لمدة يومين من كلية سلون للإدارة بمعهد ماساتشوستس للتكنولوجيا، من 22 أكتوبر 2026 إلى 23 أكتوبر 2026.,leadership,in-person,2026-10-22,2026-10-23,2,4900,USD,en,,,,,,,2026-09-14T00:00:00Z,school-page
https://executive.mit.edu/course/agentic-ai/a05U100000D0sLtIAJ.html,MIT Sloan School of Management,كلية سلون للإدارة بمعهد ماساتشوستس للتكنولوجيا,Cambridge,كامبريدج,United States,الولايات المتحدة,americas,Agentic AI: Business Implications and Applications,الذكاء الاصطناعي الوكيل: تطبيقاته وانعكاساته على الأعمال,"A 3-day on-campus program from MIT Sloan School of Management, running 2 November 2026 to 4 November 2026.",برنامج حضوري لمدة 3 أيام من كلية سلون للإدارة بمعهد ماساتشوستس للتكنولوجيا، من 2 نوفمبر 2026 إلى 4 نوفمبر 2026.,digital,in-person,2026-11-02,2026-11-04,3,7900,USD,en,,,,,,,2026-09-14T00:00:00Z,school-page
https://executive.mit.edu/course/understanding-global-markets/a056g00000URaZRAA1.html,MIT Sloan School of Management,كلية سلون للإدارة بمعهد ماساتشوستس للتكنولوجيا,Cambridge,كامبريدج,United States,الولايات المتحدة,americas,Understanding Global Markets: Macroeconomics for Executives,فهم الأسواق العالمية: الاقتصاد الكلي للتنفيذيين,"A 3-day on-campus program from MIT Sloan School of Management, running 2 November 2026 to 4 November 2026.",برنامج حضوري لمدة 3 أيام من كلية سلون للإدارة بمعهد ماساتشوستس للتكنولوجيا، من 2 نوفمبر 2026 إلى 4 نوفمبر 2026.,finance,in-person,2026-11-02,2026-11-04,3,5500,USD,en,,,,,,,2026-09-14T00:00:00Z,school-page
https://executive.mit.edu/course/evolving-as-a-leader-in-turbulent-times/a056g00000URaNAAA1.html,MIT Sloan School of Management,كلية سلون للإدارة بمعهد ماساتشوستس للتكنولوجيا,Cambridge,كامبريدج,United States,الولايات المتحدة,americas,Evolving as a Leader in Turbulent Times,التطور القيادي في أوقات الاضطراب,"A 2-day on-campus program from MIT Sloan School of Management, running 3 November 2026 to 4 November 2026.",برنامج حضوري لمدة يومين من كلية سلون للإدارة بمعهد ماساتشوستس للتكنولوجيا، من 3 نوفمبر 2026 إلى 4 نوفمبر 2026.,leadership,in-person,2026-11-03,2026-11-04,2,5300,USD,en,,,,,,,2026-09-14T00:00:00Z,school-page
https://executive.mit.edu/course/building-organizational-resilience/a056g00000URaadAAD.html,MIT Sloan School of Management,كلية سلون للإدارة بمعهد ماساتشوستس للتكنولوجيا,Cambridge,كامبريدج,United States,الولايات المتحدة,americas,Building Organizational Resilience: A System Approach to Mitigating Risk and Uncertainty,بناء المرونة المؤسسية: نهج منظومي للحد من المخاطر وعدم اليقين,"A 2-day on-campus program from MIT Sloan School of Management, running 5 November 2026 to 6 November 2026.",برنامج حضوري لمدة يومين من كلية سلون للإدارة بمعهد ماساتشوستس للتكنولوجيا، من 5 نوفمبر 2026 إلى 6 نوفمبر 2026.,operations,in-person,2026-11-05,2026-11-06,2,4900,USD,en,,,,,,,2026-09-14T00:00:00Z,school-page
https://executive.mit.edu/course/creative-transformation-amid-rapid-change/a054v00000rgRvwAAE.html,MIT Sloan School of Management,كلية سلون للإدارة بمعهد ماساتشوستس للتكنولوجيا,Cambridge,كامبريدج,United States,الولايات المتحدة,americas,Creative Transformation Amid Rapid Change: Embracing the Unexpected,التحول الإبداعي في خضم التغيير المتسارع: استيعاب المفاجآت,"A 2-day on-campus program from MIT Sloan School of Management, running 5 November 2026 to 6 November 2026.",برنامج حضوري لمدة يومين من كلية سلون للإدارة بمعهد ماساتشوستس للتكنولوجيا، من 5 نوفمبر 2026 إلى 6 نوفمبر 2026.,strategy,in-person,2026-11-05,2026-11-06,2,4900,USD,en,,,,,,,2026-09-14T00:00:00Z,school-page
https://executive.mit.edu/course/unlocking-the-power-of-perspectives/a056g00000URqsrAAD.html,MIT Sloan School of Management,كلية سلون للإدارة بمعهد ماساتشوستس للتكنولوجيا,Cambridge,كامبريدج,United States,الولايات المتحدة,americas,"Unlocking the Power of Perspectives: Problem Solving with Clarity, Creativity, and Collaboration",إطلاق قوة وجهات النظر: حل المشكلات بوضوح وإبداع وتعاون,"A 2-day on-campus program from MIT Sloan School of Management, running 5 November 2026 to 6 November 2026.",برنامج حضوري لمدة يومين من كلية سلون للإدارة بمعهد ماساتشوستس للتكنولوجيا، من 5 نوفمبر 2026 إلى 6 نوفمبر 2026.,leadership,in-person,2026-11-05,2026-11-06,2,4900,USD,en,,,,,,,2026-09-14T00:00:00Z,school-page
https://executive.mit.edu/course/shaping-the-future-of-real-estate/a05U1000008AVXOIA4.html,MIT Sloan School of Management,كلية سلون للإدارة بمعهد ماساتشوستس للتكنولوجيا,Cambridge,كامبريدج,United States,الولايات المتحدة,americas,"Shaping the Future of Real Estate: Human, Digital, and Physical Innovation Strategy",صياغة مستقبل القطاع العقاري: استراتيجية الابتكار البشري والرقمي والمادي,"A 6-day on-campus program from MIT Sloan School of Management, running 8 November 2026 to 13 November 2026.",برنامج حضوري لمدة 6 أيام من كلية سلون للإدارة بمعهد ماساتشوستس للتكنولوجيا، من 8 نوفمبر 2026 إلى 13 نوفمبر 2026.,strategy,in-person,2026-11-08,2026-11-13,6,12500,USD,en,,,,,,,2026-09-14T00:00:00Z,school-page
https://executive.mit.edu/course/leading-the-ai-driven-organization/a054v00000r9U5cAAE.html,MIT Sloan School of Management,كلية سلون للإدارة بمعهد ماساتشوستس للتكنولوجيا,Cambridge,كامبريدج,United States,الولايات المتحدة,americas,Leading the AI-Driven Organization,قيادة المؤسسة القائمة على الذكاء الاصطناعي,"A 5-day on-campus program from MIT Sloan School of Management, running 9 November 2026 to 13 November 2026.",برنامج حضوري لمدة 5 أيام من كلية سلون للإدارة بمعهد ماساتشوستس للتكنولوجيا، من 9 نوفمبر 2026 إلى 13 نوفمبر 2026.,leadership,in-person,2026-11-09,2026-11-13,5,12900,USD,en,,,,,,,2026-09-14T00:00:00Z,school-page
https://executive.mit.edu/course/systematic-innovation-of-products--processes--and-services/a056g00000URaN2AAL.html,MIT Sloan School of Management,كلية سلون للإدارة بمعهد ماساتشوستس للتكنولوجيا,Cambridge,كامبريدج,United States,الولايات المتحدة,americas,"Systematic Innovation of Products, Processes, and Services",الابتكار المنهجي للمنتجات والعمليات والخدمات,"A 5-day on-campus program from MIT Sloan School of Management, running 9 November 2026 to 13 November 2026.",برنامج حضوري لمدة 5 أيام من كلية سلون للإدارة بمعهد ماساتشوستس للتكنولوجيا، من 9 نوفمبر 2026 إلى 13 نوفمبر 2026.,operations,in-person,2026-11-09,2026-11-13,5,11100,USD,en,,,,,,,2026-09-14T00:00:00Z,school-page
https://executive.mit.edu/course/developing-and-managing-a-successful-technology-strategy/a056g00000URaMpAAL.html,MIT Sloan School of Management,كلية سلون للإدارة بمعهد ماساتشوستس للتكنولوجيا,Cambridge,كامبريدج,United States,الولايات المتحدة,americas,Developing and Managing a Successful Technology Strategy,صياغة استراتيجية تقنية ناجحة وإدارتها,"A 2-day on-campus program from MIT Sloan School of Management, running 10 November 2026 to 11 November 2026.",برنامج حضوري لمدة يومين من كلية سلون للإدارة بمعهد ماساتشوستس للتكنولوجيا، من 10 نوفمبر 2026 إلى 11 نوفمبر 2026.,digital,in-person,2026-11-10,2026-11-11,2,4900,USD,en,,,,,,,2026-09-14T00:00:00Z,school-page
https://executive.mit.edu/course/fundamentals-of-finance-for-the-technical-executive/a056g00000URaMtAAL.html,MIT Sloan School of Management,كلية سلون للإدارة بمعهد ماساتشوستس للتكنولوجيا,Cambridge,كامبريدج,United States,الولايات المتحدة,americas,Fundamentals of Finance for the Technical Executive,أساسيات المالية للتنفيذي التقني,"A 2-day on-campus program from MIT Sloan School of Management, running 10 November 2026 to 11 November 2026.",برنامج حضوري لمدة يومين من كلية سلون للإدارة بمعهد ماساتشوستس للتكنولوجيا، من 10 نوفمبر 2026 إلى 11 نوفمبر 2026.,finance,in-person,2026-11-10,2026-11-11,2,4900,USD,en,,,,,,,2026-09-14T00:00:00Z,school-page
https://executive.mit.edu/course/persuading-with-data/a056g00000YHYWsAAP.html,MIT Sloan School of Management,كلية سلون للإدارة بمعهد ماساتشوستس للتكنولوجيا,Cambridge,كامبريدج,United States,الولايات المتحدة,americas,Persuading with Data,الإقناع بالبيانات,"A 2-day on-campus program from MIT Sloan School of Management, running 12 November 2026 to 13 November 2026.",برنامج حضوري لمدة يومين من كلية سلون للإدارة بمعهد ماساتشوستس للتكنولوجيا، من 12 نوفمبر 2026 إلى 13 نوفمبر 2026.,data,in-person,2026-11-12,2026-11-13,2,4900,USD,en,,,,,,,2026-09-14T00:00:00Z,school-page
https://executive.mit.edu/course/business-model-innovation-for-organizational-transformation/a056g00000URaabAAD.html,MIT Sloan School of Management,كلية سلون للإدارة بمعهد ماساتشوستس للتكنولوجيا,Cambridge,كامبريدج,United States,الولايات المتحدة,americas,Business Model Innovation for Organizational Transformation,ابتكار نماذج الأعمال لتحقيق التحول المؤسسي,"A 2-day on-campus program from MIT Sloan School of Management, running 17 November 2026 to 18 November 2026.",برنامج حضوري لمدة يومين من كلية سلون للإدارة بمعهد ماساتشوستس للتكنولوجيا، من 17 نوفمبر 2026 إلى 18 نوفمبر 2026.,strategy,in-person,2026-11-17,2026-11-18,2,4900,USD,en,,,,,,,2026-09-14T00:00:00Z,school-page
https://executive.mit.edu/course/crisis-leadership/a05U100000F9TN8IAN.html,MIT Sloan School of Management,كلية سلون للإدارة بمعهد ماساتشوستس للتكنولوجيا,Cambridge,كامبريدج,United States,الولايات المتحدة,americas,Crisis Leadership: Strategies for High-Stakes Decision-Making,القيادة في الأزمات: استراتيجيات اتخاذ القرار في المواقف الحرجة,"A 2-day on-campus program from MIT Sloan School of Management, running 17 November 2026 to 18 November 2026.",برنامج حضوري لمدة يومين من كلية سلون للإدارة بمعهد ماساتشوستس للتكنولوجيا، من 17 نوفمبر 2026 إلى 18 نوفمبر 2026.,leadership,in-person,2026-11-17,2026-11-18,2,5500,USD,en,,,,,,,2026-09-14T00:00:00Z,school-page
https://executive.mit.edu/course/negotiation-for-executives/a056g00000URaZHAA1.html,MIT Sloan School of Management,كلية سلون للإدارة بمعهد ماساتشوستس للتكنولوجيا,Cambridge,كامبريدج,United States,الولايات المتحدة,americas,Negotiation for Executives,التفاوض للتنفيذيين,"A 2-day on-campus program from MIT Sloan School of Management, running 17 November 2026 to 18 November 2026.",برنامج حضوري لمدة يومين من كلية سلون للإدارة بمعهد ماساتشوستس للتكنولوجيا، من 17 نوفمبر 2026 إلى 18 نوفمبر 2026.,negotiation,in-person,2026-11-17,2026-11-18,2,5300,USD,en,,,,,,,2026-09-14T00:00:00Z,school-page
https://executive.mit.edu/course/leadership-by-design/a056g00000URaZqAAL.html,MIT Sloan School of Management,كلية سلون للإدارة بمعهد ماساتشوستس للتكنولوجيا,Cambridge,كامبريدج,United States,الولايات المتحدة,americas,Leadership by Design: Innovation Process and Culture,القيادة بالتصميم: عملية الابتكار وثقافته,"A 2-day on-campus program from MIT Sloan School of Management, running 19 November 2026 to 20 November 2026.",برنامج حضوري لمدة يومين من كلية سلون للإدارة بمعهد ماساتشوستس للتكنولوجيا، من 19 نوفمبر 2026 إلى 20 نوفمبر 2026.,leadership,in-person,2026-11-19,2026-11-20,2,4900,USD,en,,,,,,,2026-09-14T00:00:00Z,school-page
https://executive.mit.edu/course/personal-productivity-in-an-ai-enabled-workplace/a056g00000URaZTAA1.html,MIT Sloan School of Management,كلية سلون للإدارة بمعهد ماساتشوستس للتكنولوجيا,Cambridge,كامبريدج,United States,الولايات المتحدة,americas,Personal Productivity in an AI-Enabled Workplace,الإنتاجية الشخصية في بيئة عمل مدعومة بالذكاء الاصطناعي,"A 2-day on-campus program from MIT Sloan School of Management, running 19 November 2026 to 20 November 2026.",برنامج حضوري لمدة يومين من كلية سلون للإدارة بمعهد ماساتشوستس للتكنولوجيا، من 19 نوفمبر 2026 إلى 20 نوفمبر 2026.,people,in-person,2026-11-19,2026-11-20,2,4900,USD,en,,,,,,,2026-09-14T00:00:00Z,school-page
https://executive.mit.edu/course/breakthrough-customer-experience-cx-strategy/a056g00000URaahAAD.html,MIT Sloan School of Management,كلية سلون للإدارة بمعهد ماساتشوستس للتكنولوجيا,Cambridge,كامبريدج,United States,الولايات المتحدة,americas,Breakthrough Customer Experience (CX) Strategy,استراتيجية نوعية لتجربة العميل (CX),"A 3-day online program from MIT Sloan School of Management, running 30 November 2026 to 2 December 2026.",برنامج عبر الإنترنت لمدة 3 أيام من كلية سلون للإدارة بمعهد ماساتشوستس للتكنولوجيا، من 30 نوفمبر 2026 إلى 2 ديسمبر 2026.,marketing,online,2026-11-30,2026-12-02,3,4900,USD,en,,,,,,,2026-09-14T00:00:00Z,school-page
https://executive.mit.edu/course/managing-product-platforms/a056g00000URaZcAAL.html,MIT Sloan School of Management,كلية سلون للإدارة بمعهد ماساتشوستس للتكنولوجيا,Cambridge,كامبريدج,United States,الولايات المتحدة,americas,Managing Product Platforms: Delivering Variety and Realizing Synergies,إدارة منصات المنتجات: تحقيق التنوع واستثمار أوجه التكامل,"A 4-day online program from MIT Sloan School of Management, running 30 November 2026 to 3 December 2026.",برنامج عبر الإنترنت لمدة 4 أيام من كلية سلون للإدارة بمعهد ماساتشوستس للتكنولوجيا، من 30 نوفمبر 2026 إلى 3 ديسمبر 2026.,operations,online,2026-11-30,2026-12-03,4,4900,USD,en,,,,,,,2026-09-14T00:00:00Z,school-page
https://executive.mit.edu/course/innovation-in-the-age-of-ai/a05U100000Fkn57IAB.html,MIT Sloan School of Management,كلية سلون للإدارة بمعهد ماساتشوستس للتكنولوجيا,Cambridge,كامبريدج,United States,الولايات المتحدة,americas,Innovation in the Age of AI,الابتكار في عصر الذكاء الاصطناعي,"A 4-day on-campus program from MIT Sloan School of Management, running 1 December 2026 to 4 December 2026.",برنامج حضوري لمدة 4 أيام من كلية سلون للإدارة بمعهد ماساتشوستس للتكنولوجيا، من 1 ديسمبر 2026 إلى 4 ديسمبر 2026.,digital,in-person,2026-12-01,2026-12-04,4,9800,USD,en,,,,,,,2026-09-14T00:00:00Z,school-page
https://executive.mit.edu/course/managing-complex-technical-projects/a056g00000URaMzAAL.html,MIT Sloan School of Management,كلية سلون للإدارة بمعهد ماساتشوستس للتكنولوجيا,Cambridge,كامبريدج,United States,الولايات المتحدة,americas,Managing Complex Technical Projects,إدارة المشاريع التقنية المعقدة,"A 3-day online program from MIT Sloan School of Management, running 2 December 2026 to 4 December 2026.",برنامج عبر الإنترنت لمدة 3 أيام من كلية سلون للإدارة بمعهد ماساتشوستس للتكنولوجيا، من 2 ديسمبر 2026 إلى 4 ديسمبر 2026.,operations,online,2026-12-02,2026-12-04,3,4900,USD,en,,,,,,,2026-09-14T00:00:00Z,school-page
https://executive.mit.edu/course/communication-and-persuasion-in-the-digital-age/a056g00000URaZWAA1.html,MIT Sloan School of Management,كلية سلون للإدارة بمعهد ماساتشوستس للتكنولوجيا,Cambridge,كامبريدج,United States,الولايات المتحدة,americas,Communication and Persuasion in the Digital Age,التواصل والإقناع في العصر الرقمي,"A 2-day online program from MIT Sloan School of Management, running 8 December 2026 to 9 December 2026.",برنامج عبر الإنترنت لمدة يومين من كلية سلون للإدارة بمعهد ماساتشوستس للتكنولوجيا، من 8 ديسمبر 2026 إلى 9 ديسمبر 2026.,marketing,online,2026-12-08,2026-12-09,2,4900,USD,en,,,,,,,2026-09-14T00:00:00Z,school-page
https://executive.mit.edu/course/disciplined-entrepreneurship/a056g00000URaagAAD.html,MIT Sloan School of Management,كلية سلون للإدارة بمعهد ماساتشوستس للتكنولوجيا,Cambridge,كامبريدج,United States,الولايات المتحدة,americas,Disciplined Entrepreneurship: A Systematic Approach for Building Innovative Products and Ventures,ريادة الأعمال المنضبطة: منهج منهجي لبناء منتجات ومشاريع ابتكارية,"A 4-day online program from MIT Sloan School of Management, running 8 December 2026 to 11 December 2026.",برنامج عبر الإنترنت لمدة 4 أيام من كلية سلون للإدارة بمعهد ماساتشوستس للتكنولوجيا، من 8 ديسمبر 2026 إلى 11 ديسمبر 2026.,entrepreneurship,online,2026-12-08,2026-12-11,4,5300,USD,en,,,,,,,2026-09-14T00:00:00Z,school-page
https://executive.mit.edu/course/platform-strategy/a056g00000URaZVAA1.html,MIT Sloan School of Management,كلية سلون للإدارة بمعهد ماساتشوستس للتكنولوجيا,Cambridge,كامبريدج,United States,الولايات المتحدة,americas,Platform Strategy: Designing for Humans and AI Agents,استراتيجية المنصات: التصميم للبشر والوكلاء الأذكياء,"A 4-day online program from MIT Sloan School of Management, running 8 December 2026 to 11 December 2026.",برنامج عبر الإنترنت لمدة 4 أيام من كلية سلون للإدارة بمعهد ماساتشوستس للتكنولوجيا، من 8 ديسمبر 2026 إلى 11 ديسمبر 2026.,strategy,online,2026-12-08,2026-12-11,4,4900,USD,en,,,,,,,2026-09-14T00:00:00Z,school-page
https://executive.mit.edu/course/entrepreneurship-development-program/a056g00000URaMsAAL.html,MIT Sloan School of Management,كلية سلون للإدارة بمعهد ماساتشوستس للتكنولوجيا,Cambridge,كامبريدج,United States,الولايات المتحدة,americas,Entrepreneurship Development Program,برنامج تطوير ريادة الأعمال,"A 6-day on-campus program from MIT Sloan School of Management, running 17 January 2027 to 22 January 2027.",برنامج حضوري لمدة 6 أيام من كلية سلون للإدارة بمعهد ماساتشوستس للتكنولوجيا، من 17 يناير 2027 إلى 22 يناير 2027.,entrepreneurship,in-person,2027-01-17,2027-01-22,6,13300,USD,en,,,,,,,2026-09-14T00:00:00Z,school-page
https://executive.mit.edu/course/ai-executive-academy/a05U1000002o7uoIAA.html,MIT Sloan School of Management,كلية سلون للإدارة بمعهد ماساتشوستس للتكنولوجيا,Cambridge,كامبريدج,United States,الولايات المتحدة,americas,AI Executive Academy,أكاديمية الذكاء الاصطناعي التنفيذية,"A 10-day on-campus program from MIT Sloan School of Management, running 18 January 2027 to 29 January 2027.",برنامج حضوري لمدة 10 أيام من كلية سلون للإدارة بمعهد ماساتشوستس للتكنولوجيا، من 18 يناير 2027 إلى 29 يناير 2027.,digital,in-person,2027-01-18,2027-01-29,10,24500,USD,en,,,,,,,2026-09-14T00:00:00Z,school-page
https://executive.mit.edu/course/leading-strategic-change/a054v00000rfYrsAAE.html,MIT Sloan School of Management,كلية سلون للإدارة بمعهد ماساتشوستس للتكنولوجيا,Cambridge,كامبريدج,United States,الولايات المتحدة,americas,Leading Strategic Change: How to Really Deliver the Shift Your Organization Needs,قيادة التغيير الاستراتيجي: كيف تحقق فعليًا التحول الذي تحتاجه مؤسستك,"A 5-day on-campus program from MIT Sloan School of Management, running 14 June 2027 to 18 June 2027.",برنامج حضوري لمدة 5 أيام من كلية سلون للإدارة بمعهد ماساتشوستس للتكنولوجيا، من 14 يونيو 2027 إلى 18 يونيو 2027.,strategy,in-person,2027-06-14,2027-06-18,5,11500,USD,en,,,,,,,2026-09-14T00:00:00Z,school-page
https://executive.mit.edu/course/business-dynamics/a056g00000URaMkAAL.html,MIT Sloan School of Management,كلية سلون للإدارة بمعهد ماساتشوستس للتكنولوجيا,Cambridge,كامبريدج,United States,الولايات المتحدة,americas,Business Dynamics: MIT's Approach to Diagnosing and Solving Complex Business Problems,ديناميكيات الأعمال: منهج معهد MIT في تشخيص المشكلات التجارية المعقدة وحلها,"A 5-day on-campus program from MIT Sloan School of Management, running 21 June 2027 to 25 June 2027.",برنامج حضوري لمدة 5 أيام من كلية سلون للإدارة بمعهد ماساتشوستس للتكنولوجيا، من 21 يونيو 2027 إلى 25 يونيو 2027.,strategy,in-person,2027-06-21,2027-06-25,5,11500,USD,en,,,,,,,2026-09-14T00:00:00Z,school-page
https://executive.mit.edu/course/women-s-leadership-program/a054v00000rfdVZAAY.html,MIT Sloan School of Management,كلية سلون للإدارة بمعهد ماساتشوستس للتكنولوجيا,Cambridge,كامبريدج,United States,الولايات المتحدة,americas,Women's Leadership Program,برنامج القيادة النسائية,"A 4-day on-campus program from MIT Sloan School of Management, running 21 June 2027 to 24 June 2027.",برنامج حضوري لمدة 4 أيام من كلية سلون للإدارة بمعهد ماساتشوستس للتكنولوجيا، من 21 يونيو 2027 إلى 24 يونيو 2027.,leadership,in-person,2027-06-21,2027-06-24,4,9300,USD,en,,,,,,,2026-09-14T00:00:00Z,school-page
https://executive.mit.edu/course/global-executive-academy/a056g00000URaZQAA1.html,MIT Sloan School of Management,كلية سلون للإدارة بمعهد ماساتشوستس للتكنولوجيا,Cambridge,كامبريدج,United States,الولايات المتحدة,americas,Global Executive Academy,الأكاديمية التنفيذية العالمية,"A 8-day on-campus program from MIT Sloan School of Management, running 13 July 2027 to 22 July 2027.",برنامج حضوري لمدة 8 أيام من كلية سلون للإدارة بمعهد ماساتشوستس للتكنولوجيا، من 13 يوليو 2027 إلى 22 يوليو 2027.,leadership,in-person,2027-07-13,2027-07-22,8,21000,USD,en,,,,,,,2026-09-14T00:00:00Z,school-page
https://michiganross.umich.edu/programs/executive-education/leading-high-performing-teams-0?event=13907,Michigan Ross Executive Education,التعليم التنفيذي في كلية روس بجامعة ميشيغان,Ann Arbor,آن آربر,United States,الولايات المتحدة,americas,Leading High-Performing Teams,قيادة الفرق عالية الأداء,"A 4-day on-campus program from Michigan Ross Executive Education, running 15 September 2026 to 18 September 2026.",برنامج حضوري لمدة 4 أيام من التعليم التنفيذي في كلية روس بجامعة ميشيغان، من 15 سبتمبر 2026 إلى 18 سبتمبر 2026.,leadership,in-person,2026-09-15,2026-09-18,4,8900,USD,en,,,,,,,2026-09-14T00:00:00Z,school-page
https://michiganross.umich.edu/programs/executive-education/advanced-strategic-leadership-harnessing-power-foresight?event=13622,Michigan Ross Executive Education,التعليم التنفيذي في كلية روس بجامعة ميشيغان,Ann Arbor,آن آربر,United States,الولايات المتحدة,americas,Advanced Strategic Leadership: Harnessing the Power of Foresight,القيادة الاستراتيجية المتقدمة: توظيف قوة الاستشراف,"A 35-day blended program from Michigan Ross Executive Education, running 6 October 2026 to 19 November 2026.",برنامج مدمج لمدة 35 يومًا من التعليم التنفيذي في كلية روس بجامعة ميشيغان، من 6 أكتوبر 2026 إلى 19 نوفمبر 2026.,leadership,blended,2026-10-06,2026-11-19,35,8270,USD,en,,,,,,,2026-09-14T00:00:00Z,school-page
https://michiganross.umich.edu/programs/executive-education/executive-presence-through-strategic-communication?event=13980,Michigan Ross Executive Education,التعليم التنفيذي في كلية روس بجامعة ميشيغان,Ann Arbor,آن آربر,United States,الولايات المتحدة,americas,Executive Presence Through Strategic Communication,الحضور التنفيذي عبر التواصل الاستراتيجي,"A 3-day on-campus program from Michigan Ross Executive Education, running 27 October 2026 to 29 October 2026.",برنامج حضوري لمدة 3 أيام من التعليم التنفيذي في كلية روس بجامعة ميشيغان، من 27 أكتوبر 2026 إلى 29 أكتوبر 2026.,leadership,in-person,2026-10-27,2026-10-29,3,5900,USD,en,,,,,,,2026-09-14T00:00:00Z,school-page
https://michiganross.umich.edu/programs/executive-education/ai-enabled-management-and-decision-making?event=13981,Michigan Ross Executive Education,التعليم التنفيذي في كلية روس بجامعة ميشيغان,Ann Arbor,آن آربر,United States,الولايات المتحدة,americas,AI-Enabled Management and Decision-Making,الإدارة واتخاذ القرار بدعم الذكاء الاصطناعي,"A 10-day blended program from Michigan Ross Executive Education, running 4 November 2026 to 18 November 2026.",برنامج مدمج لمدة 10 أيام من التعليم التنفيذي في كلية روس بجامعة ميشيغان، من 4 نوفمبر 2026 إلى 18 نوفمبر 2026.,data,blended,2026-11-04,2026-11-18,10,7000,USD,en,,,,,,,2026-09-14T00:00:00Z,school-page
https://michiganross.umich.edu/programs/executive-education/advanced-human-resource-executive-program-blended?event=14164,Michigan Ross Executive Education,التعليم التنفيذي في كلية روس بجامعة ميشيغان,Ann Arbor,آن آربر,United States,الولايات المتحدة,americas,Advanced Human Resource Executive Program (Blended),البرنامج التنفيذي المتقدم للموارد البشرية (مدمج),"A 30-day blended program from Michigan Ross Executive Education, running 5 April 2027 to 16 April 2027.",برنامج مدمج لمدة 30 يومًا من التعليم التنفيذي في كلية روس بجامعة ميشيغان، من 5 أبريل 2027 إلى 16 أبريل 2027.,people,blended,2027-04-05,2027-04-16,30,25800,USD,en,,,,,,,2026-09-14T00:00:00Z,school-page
https://michiganross.umich.edu/programs/executive-education/emerging-leaders-program-becoming-transformational-leader?event=14173,Michigan Ross Executive Education,التعليم التنفيذي في كلية روس بجامعة ميشيغان,Ann Arbor,آن آربر,United States,الولايات المتحدة,americas,Emerging Leaders Program: Becoming a Transformational Leader,برنامج القادة الصاعدين: نحو قيادة تحويلية,"A 5-day on-campus program from Michigan Ross Executive Education, running 26 April 2027 to 30 April 2027.",برنامج حضوري لمدة 5 أيام من التعليم التنفيذي في كلية روس بجامعة ميشيغان، من 26 أبريل 2027 إلى 30 أبريل 2027.,leadership,in-person,2027-04-26,2027-04-30,5,10700,USD,en,,,,,,,2026-09-14T00:00:00Z,school-page
https://michiganross.umich.edu/programs/executive-education/strategic-leaders-program-vision-strategy-and-managing-organization?event=14167,Michigan Ross Executive Education,التعليم التنفيذي في كلية روس بجامعة ميشيغان,Ann Arbor,آن آربر,United States,الولايات المتحدة,americas,"Strategic Leaders Program: Vision, Strategy, and Managing the Organization to Drive Results",برنامج القادة الاستراتيجيين: الرؤية والاستراتيجية وإدارة المؤسسة لتحقيق النتائج,"A 5-day on-campus program from Michigan Ross Executive Education, running 24 May 2027 to 28 May 2027.",برنامج حضوري لمدة 5 أيام من التعليم التنفيذي في كلية روس بجامعة ميشيغان، من 24 مايو 2027 إلى 28 مايو 2027.,leadership,in-person,2027-05-24,2027-05-28,5,11500,USD,en,,,,,,,2026-09-14T00:00:00Z,school-page
https://michiganross.umich.edu/programs/executive-education/advanced-human-resource-executive-program?event=14354,Michigan Ross Executive Education,التعليم التنفيذي في كلية روس بجامعة ميشيغان,Ann Arbor,آن آربر,United States,الولايات المتحدة,americas,Advanced Human Resource Executive Program,البرنامج التنفيذي المتقدم للموارد البشرية,"A 10-day on-campus program from Michigan Ross Executive Education, running 12 July 2027 to 23 July 2027.",برنامج حضوري لمدة 10 أيام من التعليم التنفيذي في كلية روس بجامعة ميشيغان، من 12 يوليو 2027 إلى 23 يوليو 2027.,people,in-person,2027-07-12,2027-07-23,10,25800,USD,en,,,,,,,2026-09-14T00:00:00Z,school-page
https://executive-education.nus.edu.sg/programmes/leadership-development-programme/,NUS Business School,كلية الأعمال بجامعة سنغافورة الوطنية,Singapore,سنغافورة,Singapore,سنغافورة,asia,Leadership Development Programme,برنامج تطوير القيادات,"A 5-day on-campus program from NUS Business School, running 21 September 2026 to 25 September 2026.",برنامج حضوري لمدة 5 أيام من كلية الأعمال بجامعة سنغافورة الوطنية، من 21 سبتمبر 2026 إلى 25 سبتمبر 2026.,leadership,in-person,2026-09-21,2026-09-25,5,8990,SGD,en,,,,,,,2026-09-14T00:00:00Z,school-page
https://executive-education.nus.edu.sg/programmes/general-management-programme/,NUS Business School,كلية الأعمال بجامعة سنغافورة الوطنية,Singapore,سنغافورة,Singapore,سنغافورة,asia,General Management Programme,برنامج الإدارة العامة,"A 8-day on-campus program from NUS Business School, running 22 September 2026 to 1 October 2026.",برنامج حضوري لمدة 8 أيام من كلية الأعمال بجامعة سنغافورة الوطنية، من 22 سبتمبر 2026 إلى 1 أكتوبر 2026.,leadership,in-person,2026-09-22,2026-10-01,8,13290,SGD,en,,,,,,,2026-09-14T00:00:00Z,school-page
https://executive-education.nus.edu.sg/programmes/human-resource-management-with-ai/,NUS Business School,كلية الأعمال بجامعة سنغافورة الوطنية,Singapore,سنغافورة,Singapore,سنغافورة,asia,Human Resource Management with AI,إدارة الموارد البشرية بالذكاء الاصطناعي,"A 90-day online program from NUS Business School, running 24 September 2026 to 23 January 2027.",برنامج عبر الإنترنت لمدة 90 يومًا من كلية الأعمال بجامعة سنغافورة الوطنية، من 24 سبتمبر 2026 إلى 23 يناير 2027.,people,online,2026-09-24,2027-01-23,90,2400,USD,en,,,,,,,2026-09-14T00:00:00Z,school-page
https://executive-education.nus.edu.sg/programmes/marketing-strategy-in-a-digital-world/,NUS Business School,كلية الأعمال بجامعة سنغافورة الوطنية,Singapore,سنغافورة,Singapore,سنغافورة,asia,Marketing Strategy in a Digital World,الاستراتيجية التسويقية في عالم رقمي,"A 5-day on-campus program from NUS Business School, running 28 September 2026 to 2 October 2026.",برنامج حضوري لمدة 5 أيام من كلية الأعمال بجامعة سنغافورة الوطنية، من 28 سبتمبر 2026 إلى 2 أكتوبر 2026.,marketing,in-person,2026-09-28,2026-10-02,5,5722,SGD,en,,,,,,,2026-09-14T00:00:00Z,school-page
https://executive-education.nus.edu.sg/programmes/singapore-corporate-income-tax-frc/,NUS Business School,كلية الأعمال بجامعة سنغافورة الوطنية,Singapore,سنغافورة,Singapore,سنغافورة,asia,Singapore Corporate Income Tax,ضريبة الدخل على الشركات في سنغافورة,"A 12-day blended program from NUS Business School, running 28 September 2026 to 9 October 2026.",برنامج مدمج لمدة 12 يومًا من كلية الأعمال بجامعة سنغافورة الوطنية، من 28 سبتمبر 2026 إلى 9 أكتوبر 2026.,finance,blended,2026-09-28,2026-10-09,12,2943,SGD,en,,,,,,,2026-09-14T00:00:00Z,school-page
https://executive-education.nus.edu.sg/programmes/digital-business-transformation/,NUS Business School,كلية الأعمال بجامعة سنغافورة الوطنية,Singapore,سنغافورة,Singapore,سنغافورة,asia,Digital Business Transformation,التحول الرقمي للأعمال,"A 10-day blended program from NUS Business School, running 5 October 2026 to 15 October 2026.",برنامج مدمج لمدة 10 أيام من كلية الأعمال بجامعة سنغافورة الوطنية، من 5 أكتوبر 2026 إلى 15 أكتوبر 2026.,digital,blended,2026-10-05,2026-10-15,10,5886,SGD,en,,,,,,,2026-09-14T00:00:00Z,school-page
https://executive-education.nus.edu.sg/programmes/labour-and-employment-law/,NUS Business School,كلية الأعمال بجامعة سنغافورة الوطنية,Singapore,سنغافورة,Singapore,سنغافورة,asia,Labour and Employment Law,قانون العمل والتوظيف,"A 10-day blended program from NUS Business School, running 5 October 2026 to 12 October 2026.",برنامج مدمج لمدة 10 أيام من كلية الأعمال بجامعة سنغافورة الوطنية، من 5 أكتوبر 2026 إلى 12 أكتوبر 2026.,people,blended,2026-10-05,2026-10-12,10,2943,SGD,en,,,,,,,2026-09-14T00:00:00Z,school-page
https://executive-education.nus.edu.sg/programmes/ai-for-talent-management-and-organizational-design-classroom-synchronous-e-learning/,NUS Business School,كلية الأعمال بجامعة سنغافورة الوطنية,Singapore,سنغافورة,Singapore,سنغافورة,asia,AI for Talent Management and Organizational Design,الذكاء الاصطناعي لإدارة المواهب والتصميم التنظيمي,"A 25-day blended program from NUS Business School, running 12 October 2026 to 3 November 2026.",برنامج مدمج لمدة 25 يومًا من كلية الأعمال بجامعة سنغافورة الوطنية، من 12 أكتوبر 2026 إلى 3 نوفمبر 2026.,people,blended,2026-10-12,2026-11-03,25,5886,SGD,en,,,,,,,2026-09-14T00:00:00Z,school-page
https://executive-education.nus.edu.sg/programmes/leading-and-motivating-difficult-employees-frc/,NUS Business School,كلية الأعمال بجامعة سنغافورة الوطنية,Singapore,سنغافورة,Singapore,سنغافورة,asia,Leading and Motivating Difficult Employees,قيادة الموظفين صعبي التعامل وتحفيزهم,"A 5-day blended program from NUS Business School, running 12 October 2026 to 16 October 2026.",برنامج مدمج لمدة 5 أيام من كلية الأعمال بجامعة سنغافورة الوطنية، من 12 أكتوبر 2026 إلى 16 أكتوبر 2026.,people,blended,2026-10-12,2026-10-16,5,2943,SGD,en,,,,,,,2026-09-14T00:00:00Z,school-page
https://executive-education.nus.edu.sg/programmes/leading-transformational-change-for-agility-and-sustainability/,NUS Business School,كلية الأعمال بجامعة سنغافورة الوطنية,Singapore,سنغافورة,Singapore,سنغافورة,asia,Leading Transformational Change for Agility and Sustainability,قيادة التغيير التحويلي لتحقيق المرونة والاستدامة,"A 5-day on-campus program from NUS Business School, running 19 October 2026 to 23 October 2026.",برنامج حضوري لمدة 5 أيام من كلية الأعمال بجامعة سنغافورة الوطنية، من 19 أكتوبر 2026 إلى 23 أكتوبر 2026.,leadership,in-person,2026-10-19,2026-10-23,5,5722,SGD,en,,,,,,,2026-09-14T00:00:00Z,school-page
https://executive-education.nus.edu.sg/programmes/marketing-in-the-digital-age/,NUS Business School,كلية الأعمال بجامعة سنغافورة الوطنية,Singapore,سنغافورة,Singapore,سنغافورة,asia,Marketing in the Digital AGE,التسويق في العصر الرقمي,"A 10-day blended program from NUS Business School, running 19 October 2026 to 30 October 2026.",برنامج مدمج لمدة 10 أيام من كلية الأعمال بجامعة سنغافورة الوطنية، من 19 أكتوبر 2026 إلى 30 أكتوبر 2026.,marketing,blended,2026-10-19,2026-10-30,10,2943,SGD,en,,,,,,,2026-09-14T00:00:00Z,school-page
https://executive-education.nus.edu.sg/programmes/carbon-management-for-corporate-sustainability-key-skill-for-leaders/,NUS Business School,كلية الأعمال بجامعة سنغافورة الوطنية,Singapore,سنغافورة,Singapore,سنغافورة,asia,Carbon Management for Corporate Sustainability : the Key Skill for Leaders,إدارة الكربون من أجل الاستدامة المؤسسية: المهارة الأساسية للقادة,"A 3-day on-campus program from NUS Business School, running 28 October 2026 to 30 October 2026.",برنامج حضوري لمدة 3 أيام من كلية الأعمال بجامعة سنغافورة الوطنية، من 28 أكتوبر 2026 إلى 30 أكتوبر 2026.,sustainability,in-person,2026-10-28,2026-10-30,3,3434,SGD,en,,,,,,,2026-09-14T00:00:00Z,school-page
https://executive-education.nus.edu.sg/programmes/emerging-leaders-programme/,NUS Business School,كلية الأعمال بجامعة سنغافورة الوطنية,Singapore,سنغافورة,Singapore,سنغافورة,asia,Emerging Leaders Programme,برنامج القادة الصاعدين,"A 5-day on-campus program from NUS Business School, running 11 November 2026 to 17 November 2026.",برنامج حضوري لمدة 5 أيام من كلية الأعمال بجامعة سنغافورة الوطنية، من 11 نوفمبر 2026 إلى 17 نوفمبر 2026.,leadership,in-person,2026-11-11,2026-11-17,5,5722,SGD,en,,,,,,,2026-09-14T00:00:00Z,school-page
https://executive-education.nus.edu.sg/programmes/negotiations-and-conflict-management/,NUS Business School,كلية الأعمال بجامعة سنغافورة الوطنية,Singapore,سنغافورة,Singapore,سنغافورة,asia,Negotiations and Conflict Management,التفاوض وإدارة النزاعات,"A 8-day blended program from NUS Business School, running 12 November 2026 to 19 November 2026.",برنامج مدمج لمدة 8 أيام من كلية الأعمال بجامعة سنغافورة الوطنية، من 12 نوفمبر 2026 إلى 19 نوفمبر 2026.,negotiation,blended,2026-11-12,2026-11-19,8,5886,SGD,en,,,,,,,2026-09-14T00:00:00Z,school-page
https://executive-education.nus.edu.sg/programmes/accounting-finance-for-non-financial-managers/,NUS Business School,كلية الأعمال بجامعة سنغافورة الوطنية,Singapore,سنغافورة,Singapore,سنغافورة,asia,Accounting & Finance for Non-Financial Managers,المحاسبة والتمويل للمديرين غير الماليين,"A 5-day on-campus program from NUS Business School, running 16 November 2026 to 20 November 2026.",برنامج حضوري لمدة 5 أيام من كلية الأعمال بجامعة سنغافورة الوطنية، من 16 نوفمبر 2026 إلى 20 نوفمبر 2026.,finance,in-person,2026-11-16,2026-11-20,5,5722,SGD,en,,,,,,,2026-09-14T00:00:00Z,school-page
https://executive-education.nus.edu.sg/programmes/driving-strategic-innovation/,NUS Business School,كلية الأعمال بجامعة سنغافورة الوطنية,Singapore,سنغافورة,Singapore,سنغافورة,asia,Driving Strategic Innovation,قيادة الابتكار الاستراتيجي,"A 5-day on-campus program from NUS Business School, running 16 November 2026 to 20 November 2026.",برنامج حضوري لمدة 5 أيام من كلية الأعمال بجامعة سنغافورة الوطنية، من 16 نوفمبر 2026 إلى 20 نوفمبر 2026.,strategy,in-person,2026-11-16,2026-11-20,5,7074,SGD,en,,,,,,,2026-09-14T00:00:00Z,school-page
https://executive-education.nus.edu.sg/programmes/python-for-business-analytics/,NUS Business School,كلية الأعمال بجامعة سنغافورة الوطنية,Singapore,سنغافورة,Singapore,سنغافورة,asia,Python for Business Analytics,بايثون لتحليلات الأعمال,"A 3-day on-campus program from NUS Business School, running 16 November 2026 to 18 November 2026.",برنامج حضوري لمدة 3 أيام من كلية الأعمال بجامعة سنغافورة الوطنية، من 16 نوفمبر 2026 إلى 18 نوفمبر 2026.,data,in-person,2026-11-16,2026-11-18,3,3270,SGD,en,,,,,,,2026-09-14T00:00:00Z,school-page
https://executive-education.nus.edu.sg/programmes/ai-for-leaders-leveraging-data-analytics-for-business/,NUS Business School,كلية الأعمال بجامعة سنغافورة الوطنية,Singapore,سنغافورة,Singapore,سنغافورة,asia,AI for Leaders: Leveraging Data Analytics for Business,الذكاء الاصطناعي للقادة: توظيف تحليلات البيانات في الأعمال,"A 5-day on-campus program from NUS Business School, running 23 November 2026 to 27 November 2026.",برنامج حضوري لمدة 5 أيام من كلية الأعمال بجامعة سنغافورة الوطنية، من 23 نوفمبر 2026 إلى 27 نوفمبر 2026.,data,in-person,2026-11-23,2026-11-27,5,6529,SGD,en,,,,,,,2026-09-14T00:00:00Z,school-page
https://executive-education.nus.edu.sg/programmes/strategic-management-in-disruptive-times/,NUS Business School,كلية الأعمال بجامعة سنغافورة الوطنية,Singapore,سنغافورة,Singapore,سنغافورة,asia,Strategic Management in Disruptive Times,الإدارة الاستراتيجية في أوقات التحوّلات الجذرية,"A 5-day on-campus program from NUS Business School, running 23 November 2026 to 27 November 2026.",برنامج حضوري لمدة 5 أيام من كلية الأعمال بجامعة سنغافورة الوطنية، من 23 نوفمبر 2026 إلى 27 نوفمبر 2026.,strategy,in-person,2026-11-23,2026-11-27,5,7590,SGD,en,,,,,,,2026-09-14T00:00:00Z,school-page
https://executive-education.nus.edu.sg/programmes/ai-agent-for-finance/,NUS Business School,كلية الأعمال بجامعة سنغافورة الوطنية,Singapore,سنغافورة,Singapore,سنغافورة,asia,"AI for Finance Leaders – Strategy, Performance, and Control",الذكاء الاصطناعي لقادة التمويل: الاستراتيجية والأداء والرقابة,"A 4-day on-campus program from NUS Business School, running 1 December 2026 to 4 December 2026.",برنامج حضوري لمدة 4 أيام من كلية الأعمال بجامعة سنغافورة الوطنية، من 1 ديسمبر 2026 إلى 4 ديسمبر 2026.,finance,in-person,2026-12-01,2026-12-04,4,4578,SGD,en,,,,,,,2026-09-14T00:00:00Z,school-page
https://executive-education.nus.edu.sg/programmes/social-and-sustainable-investing/,NUS Business School,كلية الأعمال بجامعة سنغافورة الوطنية,Singapore,سنغافورة,Singapore,سنغافورة,asia,Social and Sustainable Investing,الاستثمار الاجتماعي والمستدام,"A 2-day on-campus program from NUS Business School, running 2 December 2026 to 3 December 2026.",برنامج حضوري لمدة يومين من كلية الأعمال بجامعة سنغافورة الوطنية، من 2 ديسمبر 2026 إلى 3 ديسمبر 2026.,sustainability,in-person,2026-12-02,2026-12-03,2,2180,SGD,en,,,,,,,2026-09-14T00:00:00Z,school-page
https://executive-education.nus.edu.sg/programmes/agentic-enterprises-leveraging-ai-agents-for-business/,NUS Business School,كلية الأعمال بجامعة سنغافورة الوطنية,Singapore,سنغافورة,Singapore,سنغافورة,asia,Agentic Enterprises – Leveraging AI Agents for Business,المؤسسات المعتمدة على الوكلاء الاصطناعيين: توظيف وكلاء الذكاء الاصطناعي في الأعمال,"A 5-day on-campus program from NUS Business School, running 7 December 2026 to 11 December 2026.",برنامج حضوري لمدة 5 أيام من كلية الأعمال بجامعة سنغافورة الوطنية، من 7 ديسمبر 2026 إلى 11 ديسمبر 2026.,digital,in-person,2026-12-07,2026-12-11,5,5722,SGD,en,,,,,,,2026-09-14T00:00:00Z,school-page
https://executive-education.nus.edu.sg/programmes/strategic-human-resource-management/,NUS Business School,كلية الأعمال بجامعة سنغافورة الوطنية,Singapore,سنغافورة,Singapore,سنغافورة,asia,Strategic Human Resource Management,الإدارة الاستراتيجية للموارد البشرية,"A 5-day on-campus program from NUS Business School, running 7 December 2026 to 11 December 2026.",برنامج حضوري لمدة 5 أيام من كلية الأعمال بجامعة سنغافورة الوطنية، من 7 ديسمبر 2026 إلى 11 ديسمبر 2026.,people,in-person,2026-12-07,2026-12-11,5,5722,SGD,en,,,,,,,2026-09-14T00:00:00Z,school-page
https://executive-education.nus.edu.sg/programmes/enhancing-banking-finance-with-ai-tools-risk-management-for-executives/,NUS Business School,كلية الأعمال بجامعة سنغافورة الوطنية,Singapore,سنغافورة,Singapore,سنغافورة,asia,Enhancing Banking & Finance with AI : Tools & Risk Management for Executives,تعزيز الخدمات المصرفية والمالية بالذكاء الاصطناعي: الأدوات وإدارة المخاطر للتنفيذيين,"A 3-day on-campus program from NUS Business School, running 14 December 2026 to 16 December 2026.",برنامج حضوري لمدة 3 أيام من كلية الأعمال بجامعة سنغافورة الوطنية، من 14 ديسمبر 2026 إلى 16 ديسمبر 2026.,finance,in-person,2026-12-14,2026-12-16,3,3106,SGD,en,,,,,,,2026-09-14T00:00:00Z,school-page
https://executive-education.nus.edu.sg/programmes/human-resource-law/,NUS Business School,كلية الأعمال بجامعة سنغافورة الوطنية,Singapore,سنغافورة,Singapore,سنغافورة,asia,Human Resource Law,قانون الموارد البشرية,"A 2-day on-campus program from NUS Business School, running 7 January 2027 to 8 January 2027.",برنامج حضوري لمدة يومين من كلية الأعمال بجامعة سنغافورة الوطنية، من 7 يناير 2027 إلى 8 يناير 2027.,people,in-person,2027-01-07,2027-01-08,2,2180,SGD,en,,,,,,,2026-09-14T00:00:00Z,school-page
https://executive-education.nus.edu.sg/programmes/sustainability-reporting-and-analysis/,NUS Business School,كلية الأعمال بجامعة سنغافورة الوطنية,Singapore,سنغافورة,Singapore,سنغافورة,asia,Sustainability Reporting and Analysis,إعداد تقارير الاستدامة وتحليلها,"A 10-day blended program from NUS Business School, running 7 January 2027 to 16 January 2027.",برنامج مدمج لمدة 10 أيام من كلية الأعمال بجامعة سنغافورة الوطنية، من 7 يناير 2027 إلى 16 يناير 2027.,sustainability,blended,2027-01-07,2027-01-16,10,2943,SGD,en,,,,,,,2026-09-14T00:00:00Z,school-page
https://executive-education.nus.edu.sg/programmes/analytics-for-leaders-classroom-synchronous-e-learning/,NUS Business School,كلية الأعمال بجامعة سنغافورة الوطنية,Singapore,سنغافورة,Singapore,سنغافورة,asia,Analytics for Leaders,تحليل البيانات للقادة,"A 10-day blended program from NUS Business School, running 8 January 2027 to 22 January 2027.",برنامج مدمج لمدة 10 أيام من كلية الأعمال بجامعة سنغافورة الوطنية، من 8 يناير 2027 إلى 22 يناير 2027.,data,blended,2027-01-08,2027-01-22,10,2943,SGD,en,,,,,,,2026-09-14T00:00:00Z,school-page
https://executive-education.nus.edu.sg/programmes/leadership-in-supply-chain-operations-sustainability/,NUS Business School,كلية الأعمال بجامعة سنغافورة الوطنية,Singapore,سنغافورة,Singapore,سنغافورة,asia,"Leadership in Supply Chain , Operations & Sustainability",القيادة في سلسلة الإمداد والعمليات والاستدامة,"A 15-day blended program from NUS Business School, running 11 January 2027 to 2 February 2027.",برنامج مدمج لمدة 15 يومًا من كلية الأعمال بجامعة سنغافورة الوطنية، من 11 يناير 2027 إلى 2 فبراير 2027.,operations,blended,2027-01-11,2027-02-02,15,5886,SGD,en,,,,,,,2026-09-14T00:00:00Z,school-page
https://executive-education.nus.edu.sg/programmes/ailhr/,NUS Business School,كلية الأعمال بجامعة سنغافورة الوطنية,Singapore,سنغافورة,Singapore,سنغافورة,asia,Artificial Intelligence for Leaders: HR Transformation with Generative AI,الذكاء الاصطناعي للقادة: تحويل الموارد البشرية بالذكاء الاصطناعي التوليدي,"A 3-day on-campus program from NUS Business School, running 13 January 2027 to 15 January 2027.",برنامج حضوري لمدة 3 أيام من كلية الأعمال بجامعة سنغافورة الوطنية، من 13 يناير 2027 إلى 15 يناير 2027.,people,in-person,2027-01-13,2027-01-15,3,3434,SGD,en,,,,,,,2026-09-14T00:00:00Z,school-page
https://executive-education.nus.edu.sg/programmes/managing-change-synchronous-e-learning/,NUS Business School,كلية الأعمال بجامعة سنغافورة الوطنية,Singapore,سنغافورة,Singapore,سنغافورة,asia,Managing Change,إدارة التغيير,"A 10-day blended program from NUS Business School, running 19 January 2027 to 27 January 2027.",برنامج مدمج لمدة 10 أيام من كلية الأعمال بجامعة سنغافورة الوطنية، من 19 يناير 2027 إلى 27 يناير 2027.,leadership,blended,2027-01-19,2027-01-27,10,2943,SGD,en,,,,,,,2026-09-14T00:00:00Z,school-page
https://executive-education.nus.edu.sg/programmes/business-contracts-classroom/,NUS Business School,كلية الأعمال بجامعة سنغافورة الوطنية,Singapore,سنغافورة,Singapore,سنغافورة,asia,Business Contracts,العقود التجارية,"A 10-day blended program from NUS Business School, running 1 March 2027 to 8 March 2027.",برنامج مدمج لمدة 10 أيام من كلية الأعمال بجامعة سنغافورة الوطنية، من 1 مارس 2027 إلى 8 مارس 2027.,negotiation,blended,2027-03-01,2027-03-08,10,2943,SGD,en,,,,,,,2026-09-14T00:00:00Z,school-page
https://executive-education.nus.edu.sg/programmes/managing-people-with-data/,NUS Business School,كلية الأعمال بجامعة سنغافورة الوطنية,Singapore,سنغافورة,Singapore,سنغافورة,asia,Managing People with Data,إدارة الأفراد بالاستناد إلى البيانات,"A 10-day blended program from NUS Business School, running 5 May 2027 to 12 May 2027.",برنامج مدمج لمدة 10 أيام من كلية الأعمال بجامعة سنغافورة الوطنية، من 5 مايو 2027 إلى 12 مايو 2027.,data,blended,2027-05-05,2027-05-12,10,2943,SGD,en,,,,,,,2026-09-14T00:00:00Z,school-page
https://execed.stern.nyu.edu/products/entrepreneurship-through-acquisition-a-proven-path-to-ownership,NYU Stern School of Business,كلية شتيرن للأعمال بجامعة نيويورك,New York,نيويورك,United States,الولايات المتحدة,americas,Entrepreneurship Through Acquisition: A Proven Path to Ownership,ريادة الأعمال عبر الاستحواذ: مسار مثبت نحو الملكية,"A 2-day on-campus program from NYU Stern School of Business, running 16 October 2026 to 17 October 2026.",برنامج حضوري لمدة يومين من كلية شتيرن للأعمال بجامعة نيويورك، من 16 أكتوبر 2026 إلى 17 أكتوبر 2026.,entrepreneurship,in-person,2026-10-16,2026-10-17,2,3500,USD,en,,,,,,,2026-09-14T00:00:00Z,school-page
https://execed.stern.nyu.edu/products/roi-ai-marketing,NYU Stern School of Business,كلية شتيرن للأعمال بجامعة نيويورك,New York,نيويورك,United States,الولايات المتحدة,americas,Driving ROI with AI-Powered Marketing,تعزيز العائد على الاستثمار عبر التسويق المدعوم بالذكاء الاصطناعي,"A 3-day on-campus program from NYU Stern School of Business, running 4 November 2026 to 6 November 2026.",برنامج حضوري لمدة 3 أيام من كلية شتيرن للأعمال بجامعة نيويورك، من 4 نوفمبر 2026 إلى 6 نوفمبر 2026.,marketing,in-person,2026-11-04,2026-11-06,3,4752,USD,en,,,,,,,2026-09-14T00:00:00Z,school-page
https://execed.stern.nyu.edu/products/bundle-leading-business-transformation-leading-in-the-age-of-ai,NYU Stern School of Business,كلية شتيرن للأعمال بجامعة نيويورك,New York,نيويورك,United States,الولايات المتحدة,americas,BUNDLE: Leading Business Transformation & Leading in the Age of AI,حزمة برامج: قيادة التحول المؤسسي وقيادة عصر الذكاء الاصطناعي,"A 4-day on-campus program from NYU Stern School of Business, running 9 November 2026 to 12 November 2026.",برنامج حضوري لمدة 4 أيام من كلية شتيرن للأعمال بجامعة نيويورك، من 9 نوفمبر 2026 إلى 12 نوفمبر 2026.,leadership,in-person,2026-11-09,2026-11-12,4,6460,USD,en,,,,,,,2026-09-14T00:00:00Z,school-page
https://execed.stern.nyu.edu/products/leading-in-the-age-of-ai,NYU Stern School of Business,كلية شتيرن للأعمال بجامعة نيويورك,New York,نيويورك,United States,الولايات المتحدة,americas,Leading in the Age of AI,القيادة في عصر الذكاء الاصطناعي,"A 2-day on-campus program from NYU Stern School of Business, running 9 November 2026 to 10 November 2026.",برنامج حضوري لمدة يومين من كلية شتيرن للأعمال بجامعة نيويورك، من 9 نوفمبر 2026 إلى 10 نوفمبر 2026.,digital,in-person,2026-11-09,2026-11-10,2,3344,USD,en,,,,,,,2026-09-14T00:00:00Z,school-page
https://execed.stern.nyu.edu/products/leadership-training-for-high-potentials,NYU Stern School of Business,كلية شتيرن للأعمال بجامعة نيويورك,New York,نيويورك,United States,الولايات المتحدة,americas,Leadership Training for High Potentials,التأهيل القيادي للكفاءات الواعدة,"A 2-day on-campus program from NYU Stern School of Business, running 10 November 2026 to 11 November 2026.",برنامج حضوري لمدة يومين من كلية شتيرن للأعمال بجامعة نيويورك، من 10 نوفمبر 2026 إلى 11 نوفمبر 2026.,leadership,in-person,2026-11-10,2026-11-11,2,3344,USD,en,,,,,,,2026-09-14T00:00:00Z,school-page
https://execed.stern.nyu.edu/products/leading-business-transformation,NYU Stern School of Business,كلية شتيرن للأعمال بجامعة نيويورك,New York,نيويورك,United States,الولايات المتحدة,americas,Leading Business Transformation,قيادة التحول المؤسسي,"A 2-day on-campus program from NYU Stern School of Business, running 11 November 2026 to 12 November 2026.",برنامج حضوري لمدة يومين من كلية شتيرن للأعمال بجامعة نيويورك، من 11 نوفمبر 2026 إلى 12 نوفمبر 2026.,leadership,in-person,2026-11-11,2026-11-12,2,3344,USD,en,,,,,,,2026-09-14T00:00:00Z,school-page
https://smith.queensu.ca/executiveeducation/programs/leadership_presence-virtual.php,"Smith School of Business, Queen's University",كلية سميث للأعمال بجامعة كوينز,Kingston,كينغستون,Canada,كندا,americas,Developing Your Leadership Presence - Virtual,تطوير حضورك القيادي (عن بُعد),"A 9-day online program from Smith School of Business, Queen's University, running 22 September 2026 to 30 September 2026.",برنامج عبر الإنترنت لمدة 9 أيام من كلية سميث للأعمال بجامعة كوينز، من 22 سبتمبر 2026 إلى 30 سبتمبر 2026.,leadership,online,2026-09-22,2026-09-30,9,3300,CAD,en,,,,,,,2026-09-14T00:00:00Z,school-page
https://smith.queensu.ca/executiveeducation/programs/learning-to-lead-virtual.php,"Smith School of Business, Queen's University",كلية سميث للأعمال بجامعة كوينز,Kingston,كينغستون,Canada,كندا,americas,Learning to Lead - Virtual,تعلّم القيادة (عن بُعد),"A 9-day online program from Smith School of Business, Queen's University, running 24 September 2026 to 2 October 2026.",برنامج عبر الإنترنت لمدة 9 أيام من كلية سميث للأعمال بجامعة كوينز، من 24 سبتمبر 2026 إلى 2 أكتوبر 2026.,leadership,online,2026-09-24,2026-10-02,9,2000,CAD,en,,,,,,,2026-09-14T00:00:00Z,school-page
https://smith.queensu.ca/executiveeducation/programs/intro-to-ai.php,"Smith School of Business, Queen's University",كلية سميث للأعمال بجامعة كوينز,Kingston,كينغستون,Canada,كندا,americas,Leading an AI-Ready Organization: Foundations for Business Leaders,قيادة مؤسسة جاهزة للذكاء الاصطناعي: أساسيات لقادة الأعمال,"A 2-day on-campus program from Smith School of Business, Queen's University, running 29 September 2026 to 30 September 2026.",برنامج حضوري لمدة يومين من كلية سميث للأعمال بجامعة كوينز، من 29 سبتمبر 2026 إلى 30 سبتمبر 2026.,digital,in-person,2026-09-29,2026-09-30,2,3700,CAD,en,,,,,,,2026-09-14T00:00:00Z,school-page
https://smith.queensu.ca/executiveeducation/programs/leadership_presence.php,"Smith School of Business, Queen's University",كلية سميث للأعمال بجامعة كوينز,Kingston,كينغستون,Canada,كندا,americas,Developing Your Leadership Presence,تطوير حضورك القيادي,"A 2-day on-campus program from Smith School of Business, Queen's University, running 1 October 2026 to 2 October 2026.",برنامج حضوري لمدة يومين من كلية سميث للأعمال بجامعة كوينز، من 1 أكتوبر 2026 إلى 2 أكتوبر 2026.,leadership,in-person,2026-10-01,2026-10-02,2,3900,CAD,en,,,,,,,2026-09-14T00:00:00Z,school-page
https://smith.queensu.ca/executiveeducation/programs/principles_accounting.php,"Smith School of Business, Queen's University",كلية سميث للأعمال بجامعة كوينز,Kingston,كينغستون,Canada,كندا,americas,Accounting and Finance Fundamentals,أساسيات المحاسبة والتمويل,"A 2-day on-campus program from Smith School of Business, Queen's University, running 5 October 2026 to 6 October 2026.",برنامج حضوري لمدة يومين من كلية سميث للأعمال بجامعة كوينز، من 5 أكتوبر 2026 إلى 6 أكتوبر 2026.,finance,in-person,2026-10-05,2026-10-06,2,3700,CAD,en,,,,,,,2026-09-14T00:00:00Z,school-page
https://smith.queensu.ca/executiveeducation/programs/execution-gap-virtual.php,"Smith School of Business, Queen's University",كلية سميث للأعمال بجامعة كوينز,Kingston,كينغستون,Canada,كندا,americas,Closing the Strategy-Execution Gap,سد الفجوة بين الاستراتيجية والتنفيذ,"A 9-day online program from Smith School of Business, Queen's University, running 8 October 2026 to 16 October 2026.",برنامج عبر الإنترنت لمدة 9 أيام من كلية سميث للأعمال بجامعة كوينز، من 8 أكتوبر 2026 إلى 16 أكتوبر 2026.,strategy,online,2026-10-08,2026-10-16,9,3000,CAD,en,,,,,,,2026-09-14T00:00:00Z,school-page
https://smith.queensu.ca/executiveeducation/programs/competitive-strategy.php,"Smith School of Business, Queen's University",كلية سميث للأعمال بجامعة كوينز,Kingston,كينغستون,Canada,كندا,americas,Strategic Thinking: Turning Complexity into Clarity,التفكير الاستراتيجي: تحويل التعقيد إلى وضوح,"A 2-day on-campus program from Smith School of Business, Queen's University, running 8 October 2026 to 9 October 2026.",برنامج حضوري لمدة يومين من كلية سميث للأعمال بجامعة كوينز، من 8 أكتوبر 2026 إلى 9 أكتوبر 2026.,strategy,in-person,2026-10-08,2026-10-09,2,3700,CAD,en,,,,,,,2026-09-14T00:00:00Z,school-page
https://smith.queensu.ca/executiveeducation/programs/coaching-high-performance.php,"Smith School of Business, Queen's University",كلية سميث للأعمال بجامعة كوينز,Kingston,كينغستون,Canada,كندا,americas,Coaching for High Performance,التدريب لتحقيق الأداء العالي,"A 2-day on-campus program from Smith School of Business, Queen's University, running 14 October 2026 to 15 October 2026.",برنامج حضوري لمدة يومين من كلية سميث للأعمال بجامعة كوينز، من 14 أكتوبر 2026 إلى 15 أكتوبر 2026.,leadership,in-person,2026-10-14,2026-10-15,2,3700,CAD,en,,,,,,,2026-09-14T00:00:00Z,school-page
https://smith.queensu.ca/executiveeducation/programs/public_policy.php,"Smith School of Business, Queen's University",كلية سميث للأعمال بجامعة كوينز,Kingston,كينغستون,Canada,كندا,americas,Public Executive Program,البرنامج التنفيذي للقطاع العام,"A 5-day on-campus program from Smith School of Business, Queen's University, running 19 October 2026 to 23 October 2026.",برنامج حضوري لمدة 5 أيام من كلية سميث للأعمال بجامعة كوينز، من 19 أكتوبر 2026 إلى 23 أكتوبر 2026.,leadership,in-person,2026-10-19,2026-10-23,5,11000,CAD,en,,,,,,,2026-09-14T00:00:00Z,school-page
https://smith.queensu.ca/executiveeducation/programs/communicating-with-impact-virtual.php,"Smith School of Business, Queen's University",كلية سميث للأعمال بجامعة كوينز,Kingston,كينغستون,Canada,كندا,americas,Communicating With Impact - Virtual,التواصل المؤثر (عن بُعد),"A 9-day online program from Smith School of Business, Queen's University, running 22 October 2026 to 30 October 2026.",برنامج عبر الإنترنت لمدة 9 أيام من كلية سميث للأعمال بجامعة كوينز، من 22 أكتوبر 2026 إلى 30 أكتوبر 2026.,leadership,online,2026-10-22,2026-10-30,9,3000,CAD,en,,,,,,,2026-09-14T00:00:00Z,school-page
https://smith.queensu.ca/executiveeducation/programs/organizational_change.php,"Smith School of Business, Queen's University",كلية سميث للأعمال بجامعة كوينز,Kingston,كينغستون,Canada,كندا,americas,Strategic Planning and Leading Change,التخطيط الاستراتيجي وقيادة التغيير,"A 2-day on-campus program from Smith School of Business, Queen's University, running 22 October 2026 to 23 October 2026.",برنامج حضوري لمدة يومين من كلية سميث للأعمال بجامعة كوينز، من 22 أكتوبر 2026 إلى 23 أكتوبر 2026.,strategy,in-person,2026-10-22,2026-10-23,2,3700,CAD,en,,,,,,,2026-09-14T00:00:00Z,school-page
https://smith.queensu.ca/executiveeducation/programs/ai-for-leaders.php,"Smith School of Business, Queen's University",كلية سميث للأعمال بجامعة كوينز,Kingston,كينغستون,Canada,كندا,americas,AI for Leaders,الذكاء الاصطناعي للقادة,"A 5-day on-campus program from Smith School of Business, Queen's University, running 26 October 2026 to 30 October 2026.",برنامج حضوري لمدة 5 أيام من كلية سميث للأعمال بجامعة كوينز، من 26 أكتوبر 2026 إلى 30 أكتوبر 2026.,digital,in-person,2026-10-26,2026-10-30,5,11000,CAD,en,,,,,,,2026-09-14T00:00:00Z,school-page
https://smith.queensu.ca/executiveeducation/programs/learning-to-lead.php,"Smith School of Business, Queen's University",كلية سميث للأعمال بجامعة كوينز,Kingston,كينغستون,Canada,كندا,americas,Learning to Lead,تعلّم القيادة,"A 2-day on-campus program from Smith School of Business, Queen's University, running 2 November 2026 to 3 November 2026.",برنامج حضوري لمدة يومين من كلية سميث للأعمال بجامعة كوينز، من 2 نوفمبر 2026 إلى 3 نوفمبر 2026.,leadership,in-person,2026-11-02,2026-11-03,2,2700,CAD,en,,,,,,,2026-09-14T00:00:00Z,school-page
https://smith.queensu.ca/executiveeducation/programs/strategic-execution.php,"Smith School of Business, Queen's University",كلية سميث للأعمال بجامعة كوينز,Kingston,كينغستون,Canada,كندا,americas,Strategic Execution,التنفيذ الاستراتيجي,"A 5-day on-campus program from Smith School of Business, Queen's University, running 2 November 2026 to 6 November 2026.",برنامج حضوري لمدة 5 أيام من كلية سميث للأعمال بجامعة كوينز، من 2 نوفمبر 2026 إلى 6 نوفمبر 2026.,strategy,in-person,2026-11-02,2026-11-06,5,11000,CAD,en,,,,,,,2026-09-14T00:00:00Z,school-page
https://smith.queensu.ca/executiveeducation/programs/leadership.php,"Smith School of Business, Queen's University",كلية سميث للأعمال بجامعة كوينز,Kingston,كينغستون,Canada,كندا,americas,Leadership,القيادة,"A 5-day on-campus program from Smith School of Business, Queen's University, running 9 November 2026 to 13 November 2026.",برنامج حضوري لمدة 5 أيام من كلية سميث للأعمال بجامعة كوينز، من 9 نوفمبر 2026 إلى 13 نوفمبر 2026.,leadership,in-person,2026-11-09,2026-11-13,5,11000,CAD,en,,,,,,,2026-09-14T00:00:00Z,school-page
https://smith.queensu.ca/executiveeducation/programs/project_leadership.php,"Smith School of Business, Queen's University",كلية سميث للأعمال بجامعة كوينز,Kingston,كينغستون,Canada,كندا,americas,Project Leadership,قيادة المشاريع,"A 2-day on-campus program from Smith School of Business, Queen's University, running 9 November 2026 to 10 November 2026.",برنامج حضوري لمدة يومين من كلية سميث للأعمال بجامعة كوينز، من 9 نوفمبر 2026 إلى 10 نوفمبر 2026.,operations,in-person,2026-11-09,2026-11-10,2,3700,CAD,en,,,,,,,2026-09-14T00:00:00Z,school-page
https://smith.queensu.ca/executiveeducation/programs/negotiating.php,"Smith School of Business, Queen's University",كلية سميث للأعمال بجامعة كوينز,Kingston,كينغستون,Canada,كندا,americas,Negotiating and Consensus Building,التفاوض وبناء التوافق,"A 2-day on-campus program from Smith School of Business, Queen's University, running 11 November 2026 to 12 November 2026.",برنامج حضوري لمدة يومين من كلية سميث للأعمال بجامعة كوينز، من 11 نوفمبر 2026 إلى 12 نوفمبر 2026.,negotiation,in-person,2026-11-11,2026-11-12,2,3700,CAD,en,,,,,,,2026-09-14T00:00:00Z,school-page
https://smith.queensu.ca/executiveeducation/programs/principles_accounting-virtual.php,"Smith School of Business, Queen's University",كلية سميث للأعمال بجامعة كوينز,Kingston,كينغستون,Canada,كندا,americas,Accounting and Finance Fundamentals - Virtual,أساسيات المحاسبة والتمويل (عن بُعد),"A 9-day online program from Smith School of Business, Queen's University, running 16 November 2026 to 24 November 2026.",برنامج عبر الإنترنت لمدة 9 أيام من كلية سميث للأعمال بجامعة كوينز، من 16 نوفمبر 2026 إلى 24 نوفمبر 2026.,finance,online,2026-11-16,2026-11-24,9,3000,CAD,en,,,,,,,2026-09-14T00:00:00Z,school-page
https://smith.queensu.ca/executiveeducation/programs/empowering-women.php,"Smith School of Business, Queen's University",كلية سميث للأعمال بجامعة كوينز,Kingston,كينغستون,Canada,كندا,americas,Empowering Women to Succeed in Negotiations,تمكين المرأة للتفوق في التفاوض,"A 3-day on-campus program from Smith School of Business, Queen's University, running 16 November 2026 to 18 November 2026.",برنامج حضوري لمدة 3 أيام من كلية سميث للأعمال بجامعة كوينز، من 16 نوفمبر 2026 إلى 18 نوفمبر 2026.,negotiation,in-person,2026-11-16,2026-11-18,3,6600,CAD,en,,,,,,,2026-09-14T00:00:00Z,school-page
https://smith.queensu.ca/executiveeducation/programs/organizational-structure.php,"Smith School of Business, Queen's University",كلية سميث للأعمال بجامعة كوينز,Kingston,كينغستون,Canada,كندا,americas,Organizational Structure and Culture,الهيكل التنظيمي والثقافة المؤسسية,"A 2-day on-campus program from Smith School of Business, Queen's University, running 16 November 2026 to 17 November 2026.",برنامج حضوري لمدة يومين من كلية سميث للأعمال بجامعة كوينز، من 16 نوفمبر 2026 إلى 17 نوفمبر 2026.,people,in-person,2026-11-16,2026-11-17,2,3700,CAD,en,,,,,,,2026-09-14T00:00:00Z,school-page
https://smith.queensu.ca/executiveeducation/programs/communicating-with-impact.php,"Smith School of Business, Queen's University",كلية سميث للأعمال بجامعة كوينز,Kingston,كينغستون,Canada,كندا,americas,Communicating With Impact,التواصل المؤثر,"A 2-day on-campus program from Smith School of Business, Queen's University, running 23 November 2026 to 24 November 2026.",برنامج حضوري لمدة يومين من كلية سميث للأعمال بجامعة كوينز، من 23 نوفمبر 2026 إلى 24 نوفمبر 2026.,leadership,in-person,2026-11-23,2026-11-24,2,3700,CAD,en,,,,,,,2026-09-14T00:00:00Z,school-page
https://smith.queensu.ca/executiveeducation/programs/conflict-management.php,"Smith School of Business, Queen's University",كلية سميث للأعمال بجامعة كوينز,Kingston,كينغستون,Canada,كندا,americas,Conflict Management,إدارة النزاعات,"A 2-day on-campus program from Smith School of Business, Queen's University, running 25 November 2026 to 26 November 2026.",برنامج حضوري لمدة يومين من كلية سميث للأعمال بجامعة كوينز، من 25 نوفمبر 2026 إلى 26 نوفمبر 2026.,negotiation,in-person,2026-11-25,2026-11-26,2,3700,CAD,en,,,,,,,2026-09-14T00:00:00Z,school-page
https://smith.queensu.ca/executiveeducation/programs/leading-digital-transformation.php,"Smith School of Business, Queen's University",كلية سميث للأعمال بجامعة كوينز,Kingston,كينغستون,Canada,كندا,americas,Leading Digital Transformation,قيادة التحول الرقمي,"A 2-day on-campus program from Smith School of Business, Queen's University, running 30 November 2026 to 1 December 2026.",برنامج حضوري لمدة يومين من كلية سميث للأعمال بجامعة كوينز، من 30 نوفمبر 2026 إلى 1 ديسمبر 2026.,digital,in-person,2026-11-30,2026-12-01,2,3700,CAD,en,,,,,,,2026-09-14T00:00:00Z,school-page
https://smith.queensu.ca/executiveeducation/programs/ai-powered-organization.php,"Smith School of Business, Queen's University",كلية سميث للأعمال بجامعة كوينز,Kingston,كينغستون,Canada,كندا,americas,"Building an AI-Powered Organization: Strategy, Governance, and Transformation",بناء مؤسسة مدعومة بالذكاء الاصطناعي: الاستراتيجية والحوكمة والتحول,"A 2-day on-campus program from Smith School of Business, Queen's University, running 9 December 2026 to 10 December 2026.",برنامج حضوري لمدة يومين من كلية سميث للأعمال بجامعة كوينز، من 9 ديسمبر 2026 إلى 10 ديسمبر 2026.,digital,in-person,2026-12-09,2026-12-10,2,3700,CAD,en,,,,,,,2026-09-14T00:00:00Z,school-page
https://smith.queensu.ca/executiveeducation/programs/emotional-intelligence.php,"Smith School of Business, Queen's University",كلية سميث للأعمال بجامعة كوينز,Kingston,كينغستون,Canada,كندا,americas,Emotional Intelligence for Leaders,الذكاء العاطفي للقادة,"A 2-day on-campus program from Smith School of Business, Queen's University, running 10 December 2026 to 11 December 2026.",برنامج حضوري لمدة يومين من كلية سميث للأعمال بجامعة كوينز، من 10 ديسمبر 2026 إلى 11 ديسمبر 2026.,leadership,in-person,2026-12-10,2026-12-11,2,3700,CAD,en,,,,,,,2026-09-14T00:00:00Z,school-page
https://smith.queensu.ca/executiveeducation/programs/building-productivity-ai.php,"Smith School of Business, Queen's University",كلية سميث للأعمال بجامعة كوينز,Kingston,كينغستون,Canada,كندا,americas,Building Your Productivity Edge with AI,تعزيز إنتاجيتك بالذكاء الاصطناعي,"A 2-day on-campus program from Smith School of Business, Queen's University, running 14 December 2026 to 15 December 2026.",برنامج حضوري لمدة يومين من كلية سميث للأعمال بجامعة كوينز، من 14 ديسمبر 2026 إلى 15 ديسمبر 2026.,digital,in-person,2026-12-14,2026-12-15,2,3700,CAD,en,,,,,,,2026-09-14T00:00:00Z,school-page
https://smith.queensu.ca/executiveeducation/programs/project_leadership-virtual.php,"Smith School of Business, Queen's University",كلية سميث للأعمال بجامعة كوينز,Kingston,كينغستون,Canada,كندا,americas,Project Leadership - Virtual,قيادة المشاريع (عن بُعد),"A 9-day online program from Smith School of Business, Queen's University, running 3 February 2027 to 11 February 2027.",برنامج عبر الإنترنت لمدة 9 أيام من كلية سميث للأعمال بجامعة كوينز، من 3 فبراير 2027 إلى 11 فبراير 2027.,operations,online,2027-02-03,2027-02-11,9,3000,CAD,en,,,,,,,2026-09-14T00:00:00Z,school-page
https://www.gsb.stanford.edu/exec-ed/programs/directors-consortium,Stanford Graduate School of Business,كلية ستانفورد للدراسات العليا في الأعمال,Stanford,ستانفورد,United States,الولايات المتحدة,americas,Directors' Consortium,ملتقى أعضاء مجالس الإدارة,"A 5-day on-campus program from Stanford Graduate School of Business, running 19 October 2026 to 23 October 2026.",برنامج حضوري لمدة 5 أيام من كلية ستانفورد للدراسات العليا في الأعمال، من 19 أكتوبر 2026 إلى 23 أكتوبر 2026.,finance,in-person,2026-10-19,2026-10-23,5,17000,USD,en,,,,,,,2026-09-14T00:00:00Z,school-page
https://www.gsb.stanford.edu/exec-ed/programs/harnessing-ai-breakthrough-innovation-strategic-impact,Stanford Graduate School of Business,كلية ستانفورد للدراسات العليا في الأعمال,Stanford,ستانفورد,United States,الولايات المتحدة,americas,Harnessing AI for Breakthrough Innovation and Strategic Impact,توظيف الذكاء الاصطناعي لتحقيق ابتكار نوعي وأثر استراتيجي,"A 6-day on-campus program from Stanford Graduate School of Business, running 8 November 2026 to 13 November 2026.",برنامج حضوري لمدة 6 أيام من كلية ستانفورد للدراسات العليا في الأعمال، من 8 نوفمبر 2026 إلى 13 نوفمبر 2026.,digital,in-person,2026-11-08,2026-11-13,6,18500,USD,en,,,,,,,2026-09-14T00:00:00Z,school-page
https://www.gsb.stanford.edu/exec-ed/programs/executive-program-leadership,Stanford Graduate School of Business,كلية ستانفورد للدراسات العليا في الأعمال,Stanford,ستانفورد,United States,الولايات المتحدة,americas,Executive Program in Leadership: The Effective Use of Power,البرنامج التنفيذي في القيادة: الاستخدام الفعال للسلطة,"A 6-day on-campus program from Stanford Graduate School of Business, running 15 November 2026 to 20 November 2026.",برنامج حضوري لمدة 6 أيام من كلية ستانفورد للدراسات العليا في الأعمال، من 15 نوفمبر 2026 إلى 20 نوفمبر 2026.,leadership,in-person,2026-11-15,2026-11-20,6,17000,USD,en,,,,,,,2026-09-14T00:00:00Z,school-page
https://www.gsb.stanford.edu/exec-ed/programs/stanford-ignite-part-time,Stanford Graduate School of Business,كلية ستانفورد للدراسات العليا في الأعمال,Stanford,ستانفورد,United States,الولايات المتحدة,americas,Stanford Ignite – Part-Time,برنامج ستانفورد إيغنايت (Stanford Ignite) – بدوام جزئي,"A 40-day on-campus program from Stanford Graduate School of Business, running 10 January 2027 to 4 March 2027.",برنامج حضوري لمدة 40 يومًا من كلية ستانفورد للدراسات العليا في الأعمال، من 10 يناير 2027 إلى 4 مارس 2027.,entrepreneurship,in-person,2027-01-10,2027-03-04,40,19500,USD,en,,,,,,,2026-09-14T00:00:00Z,school-page
https://www.gsb.stanford.edu/exec-ed/programs/finance-accounting-nonfinancial-executive,Stanford Graduate School of Business,كلية ستانفورد للدراسات العليا في الأعمال,Stanford,ستانفورد,United States,الولايات المتحدة,americas,Finance and Accounting for the Nonfinancial Executive,المالية والمحاسبة للتنفيذي غير المالي,"A 6-day on-campus program from Stanford Graduate School of Business, running 24 January 2027 to 29 January 2027.",برنامج حضوري لمدة 6 أيام من كلية ستانفورد للدراسات العليا في الأعمال، من 24 يناير 2027 إلى 29 يناير 2027.,finance,in-person,2027-01-24,2027-01-29,6,16000,USD,en,,,,,,,2026-09-14T00:00:00Z,school-page
https://www.gsb.stanford.edu/exec-ed/programs/digital-transformation,Stanford Graduate School of Business,كلية ستانفورد للدراسات العليا في الأعمال,Stanford,ستانفورد,United States,الولايات المتحدة,americas,Digital Transformation: Leading Organizational Change in the Age of AI,التحول الرقمي: قيادة التغيير المؤسسي في عصر الذكاء الاصطناعي,"A 6-day on-campus program from Stanford Graduate School of Business, running 14 February 2027 to 19 February 2027.",برنامج حضوري لمدة 6 أيام من كلية ستانفورد للدراسات العليا في الأعمال، من 14 فبراير 2027 إلى 19 فبراير 2027.,digital,in-person,2027-02-14,2027-02-19,6,18000,USD,en,,,,,,,2026-09-14T00:00:00Z,school-page
https://www.gsb.stanford.edu/exec-ed/programs/ai-powered-organization,Stanford Graduate School of Business,كلية ستانفورد للدراسات العليا في الأعمال,Stanford,ستانفورد,United States,الولايات المتحدة,americas,The AI-Powered Organization,المؤسسة المدعومة بالذكاء الاصطناعي,"A 6-day on-campus program from Stanford Graduate School of Business, running 21 March 2027 to 26 March 2027.",برنامج حضوري لمدة 6 أيام من كلية ستانفورد للدراسات العليا في الأعمال، من 21 مارس 2027 إلى 26 مارس 2027.,digital,in-person,2027-03-21,2027-03-26,6,18500,USD,en,,,,,,,2026-09-14T00:00:00Z,school-page
https://www.gsb.stanford.edu/exec-ed/programs/design-thinking-bootcamp,Stanford Graduate School of Business,كلية ستانفورد للدراسات العليا في الأعمال,Stanford,ستانفورد,United States,الولايات المتحدة,americas,Design Thinking Bootcamp: Make Impact and Drive Growth in Your Organization,معسكر التفكير التصميمي: تحقيق الأثر ودفع النمو في مؤسستك,"A 4-day on-campus program from Stanford Graduate School of Business, running 23 March 2027 to 26 March 2027.",برنامج حضوري لمدة 4 أيام من كلية ستانفورد للدراسات العليا في الأعمال، من 23 مارس 2027 إلى 26 مارس 2027.,marketing,in-person,2027-03-23,2027-03-26,4,14000,USD,en,,,,,,,2026-09-14T00:00:00Z,school-page
https://www.gsb.stanford.edu/exec-ed/programs/executive-leadership-development,Stanford Graduate School of Business,كلية ستانفورد للدراسات العليا في الأعمال,Stanford,ستانفورد,United States,الولايات المتحدة,americas,Executive Leadership Development,تطوير القيادة التنفيذية,"A 6-day on-campus program from Stanford Graduate School of Business, running 28 March 2027 to 2 April 2027.",برنامج حضوري لمدة 6 أيام من كلية ستانفورد للدراسات العليا في الأعمال، من 28 مارس 2027 إلى 2 أبريل 2027.,leadership,in-person,2027-03-28,2027-04-02,6,18000,USD,en,,,,,,,2026-09-14T00:00:00Z,school-page
https://www.gsb.stanford.edu/exec-ed/programs/driving-innovation-new-ventures-established-organizations,Stanford Graduate School of Business,كلية ستانفورد للدراسات العليا في الأعمال,Stanford,ستانفورد,United States,الولايات المتحدة,americas,Driving Innovation and New Ventures in Established Organizations,قيادة الابتكار والمشاريع الجديدة في المؤسسات الراسخة,"A 6-day on-campus program from Stanford Graduate School of Business, running 11 April 2027 to 16 April 2027.",برنامج حضوري لمدة 6 أيام من كلية ستانفورد للدراسات العليا في الأعمال، من 11 أبريل 2027 إلى 16 أبريل 2027.,entrepreneurship,in-person,2027-04-11,2027-04-16,6,16000,USD,en,,,,,,,2026-09-14T00:00:00Z,school-page
https://www.gsb.stanford.edu/exec-ed/programs/interpersonal-dynamics-high-performance-executives,Stanford Graduate School of Business,كلية ستانفورد للدراسات العليا في الأعمال,Stanford,ستانفورد,United States,الولايات المتحدة,americas,Interpersonal Dynamics for High-Performance Executives,ديناميكيات العلاقات الشخصية للتنفيذيين عالي الأداء,"A 6-day on-campus program from Stanford Graduate School of Business, running 20 June 2027 to 25 June 2027.",برنامج حضوري لمدة 6 أيام من كلية ستانفورد للدراسات العليا في الأعمال، من 20 يونيو 2027 إلى 25 يونيو 2027.,leadership,in-person,2027-06-20,2027-06-25,6,17500,USD,en,,,,,,,2026-09-14T00:00:00Z,school-page
https://www.gsb.stanford.edu/exec-ed/programs/stanford-ignite-full-time,Stanford Graduate School of Business,كلية ستانفورد للدراسات العليا في الأعمال,Stanford,ستانفورد,United States,الولايات المتحدة,americas,Stanford Ignite – Full-Time,برنامج ستانفورد إيغنايت (Stanford Ignite) – بدوام كامل,"A 20-day on-campus program from Stanford Graduate School of Business, running 20 June 2027 to 14 July 2027.",برنامج حضوري لمدة 20 يومًا من كلية ستانفورد للدراسات العليا في الأعمال، من 20 يونيو 2027 إلى 14 يوليو 2027.,entrepreneurship,in-person,2027-06-20,2027-07-14,20,19500,USD,en,,,,,,,2026-09-14T00:00:00Z,school-page
https://www.gsb.stanford.edu/exec-ed/programs/mergers-acquisitions,Stanford Graduate School of Business,كلية ستانفورد للدراسات العليا في الأعمال,Stanford,ستانفورد,United States,الولايات المتحدة,americas,Mergers and Acquisitions,الاندماج والاستحواذ,"A 6-day on-campus program from Stanford Graduate School of Business, running 11 July 2027 to 16 July 2027.",برنامج حضوري لمدة 6 أيام من كلية ستانفورد للدراسات العليا في الأعمال، من 11 يوليو 2027 إلى 16 يوليو 2027.,finance,in-person,2027-07-11,2027-07-16,6,17500,USD,en,,,,,,,2026-09-14T00:00:00Z,school-page
https://www.gsb.stanford.edu/exec-ed/programs/executive-program-growing-companies,Stanford Graduate School of Business,كلية ستانفورد للدراسات العليا في الأعمال,Stanford,ستانفورد,United States,الولايات المتحدة,americas,Executive Program for Growing Companies,البرنامج التنفيذي للشركات النامية,"A 13-day on-campus program from Stanford Graduate School of Business, running 1 August 2027 to 13 August 2027.",برنامج حضوري لمدة 13 يومًا من كلية ستانفورد للدراسات العليا في الأعمال، من 1 أغسطس 2027 إلى 13 أغسطس 2027.,entrepreneurship,in-person,2027-08-01,2027-08-13,13,29500,USD,en,,,,,,,2026-09-14T00:00:00Z,school-page
https://www.gsb.stanford.edu/exec-ed/programs/culture-competitive-advantage,Stanford Graduate School of Business,كلية ستانفورد للدراسات العليا في الأعمال,Stanford,ستانفورد,United States,الولايات المتحدة,americas,Culture as a Competitive Advantage,الثقافة المؤسسية كميزة تنافسية,"A 6-day on-campus program from Stanford Graduate School of Business, running 8 August 2027 to 13 August 2027.",برنامج حضوري لمدة 6 أيام من كلية ستانفورد للدراسات العليا في الأعمال، من 8 أغسطس 2027 إلى 13 أغسطس 2027.,leadership,in-person,2027-08-08,2027-08-13,6,10000,USD,en,,,,,,,2026-09-14T00:00:00Z,school-page
https://www.gsb.stanford.edu/exec-ed/programs/executive-program-strategy-organization,Stanford Graduate School of Business,كلية ستانفورد للدراسات العليا في الأعمال,Stanford,ستانفورد,United States,الولايات المتحدة,americas,Executive Program in Strategy and Organization,البرنامج التنفيذي في الاستراتيجية والتنظيم,"A 13-day on-campus program from Stanford Graduate School of Business, running 8 August 2027 to 20 August 2027.",برنامج حضوري لمدة 13 يومًا من كلية ستانفورد للدراسات العليا في الأعمال، من 8 أغسطس 2027 إلى 20 أغسطس 2027.,strategy,in-person,2027-08-08,2027-08-20,13,29500,USD,en,,,,,,,2026-09-14T00:00:00Z,school-page
https://www.gsb.stanford.edu/exec-ed/programs/stanford-nus-executive-program,Stanford Graduate School of Business,كلية ستانفورد للدراسات العليا في الأعمال,Stanford,ستانفورد,United States,الولايات المتحدة,americas,Stanford-NUS Executive Program in International Management,البرنامج التنفيذي المشترك بين جامعة ستانفورد وجامعة سنغافورة الوطنية في الإدارة الدولية,"A 10-day on-campus program from Stanford Graduate School of Business, running 14 August 2027 to 28 August 2027.",برنامج حضوري لمدة 10 أيام من كلية ستانفورد للدراسات العليا في الأعمال، من 14 أغسطس 2027 إلى 28 أغسطس 2027.,strategy,in-person,2027-08-14,2027-08-28,10,26150,USD,en,,,,,,,2026-09-14T00:00:00Z,school-page
https://www.gsb.stanford.edu/exec-ed/programs/emerging-cmo,Stanford Graduate School of Business,كلية ستانفورد للدراسات العليا في الأعمال,Stanford,ستانفورد,United States,الولايات المتحدة,americas,The Emerging CMO: Strategic Marketing Leadership,المدير التسويقي الصاعد: القيادة التسويقية الاستراتيجية,"A 6-day on-campus program from Stanford Graduate School of Business, running 15 August 2027 to 20 August 2027.",برنامج حضوري لمدة 6 أيام من كلية ستانفورد للدراسات العليا في الأعمال، من 15 أغسطس 2027 إلى 20 أغسطس 2027.,marketing,in-person,2027-08-15,2027-08-20,6,17500,USD,en,,,,,,,2026-09-14T00:00:00Z,school-page
https://www.gsb.stanford.edu/exec-ed/programs/innovative-product-leadership,Stanford Graduate School of Business,كلية ستانفورد للدراسات العليا في الأعمال,Stanford,ستانفورد,United States,الولايات المتحدة,americas,Innovative Product Leadership: The Emerging Chief Product Officer,القيادة الابتكارية للمنتجات: نحو مدير منتجات تنفيذي (Chief Product Officer),"A 6-day on-campus program from Stanford Graduate School of Business, running 22 August 2027 to 27 August 2027.",برنامج حضوري لمدة 6 أيام من كلية ستانفورد للدراسات العليا في الأعمال، من 22 أغسطس 2027 إلى 27 أغسطس 2027.,leadership,in-person,2027-08-22,2027-08-27,6,17500,USD,en,,,,,,,2026-09-14T00:00:00Z,school-page
https://growth.sauder.ubc.ca/courses/project-management-administrative-professionals,UBC Sauder School of Business,كلية سودر للأعمال بجامعة كولومبيا البريطانية,Vancouver,فانكوفر,Canada,كندا,americas,Project Management for Administrative Professionals,إدارة المشاريع للمتخصصين الإداريين,"A 2-day on-campus program from UBC Sauder School of Business, running 15 September 2026 to 16 September 2026.",برنامج حضوري لمدة يومين من كلية سودر للأعمال بجامعة كولومبيا البريطانية، من 15 سبتمبر 2026 إلى 16 سبتمبر 2026.,operations,in-person,2026-09-15,2026-09-16,2,2390,CAD,en,,,,,,,2026-09-14T00:00:00Z,school-page
https://growth.sauder.ubc.ca/courses/conflict-management-strategies,UBC Sauder School of Business,كلية سودر للأعمال بجامعة كولومبيا البريطانية,Vancouver,فانكوفر,Canada,كندا,americas,Conflict Management Strategies,استراتيجيات إدارة النزاعات,"A 2-day on-campus program from UBC Sauder School of Business, running 16 September 2026 to 17 September 2026.",برنامج حضوري لمدة يومين من كلية سودر للأعمال بجامعة كولومبيا البريطانية، من 16 سبتمبر 2026 إلى 17 سبتمبر 2026.,negotiation,in-person,2026-09-16,2026-09-17,2,2390,CAD,en,,,,,,,2026-09-14T00:00:00Z,school-page
https://growth.sauder.ubc.ca/courses/business-analysis-3-course-pack-1,UBC Sauder School of Business,كلية سودر للأعمال بجامعة كولومبيا البريطانية,Vancouver,فانكوفر,Canada,كندا,americas,Business Analysis 3 Course Pack - 1,حزمة تحليل الأعمال المكونة من 3 مقررات - 1,"A 12-day online program from UBC Sauder School of Business, running 21 September 2026 to 13 December 2026.",برنامج عبر الإنترنت لمدة 12 يومًا من كلية سودر للأعمال بجامعة كولومبيا البريطانية، من 21 سبتمبر 2026 إلى 13 ديسمبر 2026.,operations,online,2026-09-21,2026-12-13,12,3495,CAD,en,,,,,,,2026-09-14T00:00:00Z,school-page
https://growth.sauder.ubc.ca/courses/business-analysis-3-course-pack-2,UBC Sauder School of Business,كلية سودر للأعمال بجامعة كولومبيا البريطانية,Vancouver,فانكوفر,Canada,كندا,americas,Business Analysis 3 Course Pack - 2,حزمة تحليل الأعمال المكونة من 3 مقررات - 2,"A 12-day online program from UBC Sauder School of Business, running 21 September 2026 to 13 December 2026.",برنامج عبر الإنترنت لمدة 12 يومًا من كلية سودر للأعمال بجامعة كولومبيا البريطانية، من 21 سبتمبر 2026 إلى 13 ديسمبر 2026.,operations,online,2026-09-21,2026-12-13,12,3495,CAD,en,,,,,,,2026-09-14T00:00:00Z,school-page
https://growth.sauder.ubc.ca/courses/business-analysis-fundamentals,UBC Sauder School of Business,كلية سودر للأعمال بجامعة كولومبيا البريطانية,Vancouver,فانكوفر,Canada,كندا,americas,Business Analysis Fundamentals,أساسيات تحليل الأعمال,"A 20-day online program from UBC Sauder School of Business, running 21 September 2026 to 18 October 2026.",برنامج عبر الإنترنت لمدة 20 يومًا من كلية سودر للأعمال بجامعة كولومبيا البريطانية، من 21 سبتمبر 2026 إلى 18 أكتوبر 2026.,operations,online,2026-09-21,2026-10-18,20,1095,CAD,en,,,,,,,2026-09-14T00:00:00Z,school-page
https://growth.sauder.ubc.ca/courses/business-analysis-strategic-analysis-and-elicitation,UBC Sauder School of Business,كلية سودر للأعمال بجامعة كولومبيا البريطانية,Vancouver,فانكوفر,Canada,كندا,americas,Business Analysis Strategic Analysis and Elicitation,التحليل الاستراتيجي واستخلاص المتطلبات في تحليل الأعمال,"A 4-day online program from UBC Sauder School of Business, running 21 September 2026 to 18 October 2026.",برنامج عبر الإنترنت لمدة 4 أيام من كلية سودر للأعمال بجامعة كولومبيا البريطانية، من 21 سبتمبر 2026 إلى 18 أكتوبر 2026.,operations,online,2026-09-21,2026-10-18,4,1250,CAD,en,,,,,,,2026-09-14T00:00:00Z,school-page
https://growth.sauder.ubc.ca/courses/digital-asset-rights-risk-management-fundamentals,UBC Sauder School of Business,كلية سودر للأعمال بجامعة كولومبيا البريطانية,Vancouver,فانكوفر,Canada,كندا,americas,"Digital Asset, Rights & Risk Management Fundamentals",أساسيات إدارة الأصول الرقمية والحقوق والمخاطر,"A 4-day online program from UBC Sauder School of Business, running 21 September 2026 to 18 October 2026.",برنامج عبر الإنترنت لمدة 4 أيام من كلية سودر للأعمال بجامعة كولومبيا البريطانية، من 21 سبتمبر 2026 إلى 18 أكتوبر 2026.,operations,online,2026-09-21,2026-10-18,4,995,CAD,en,,,,,,,2026-09-14T00:00:00Z,school-page
https://growth.sauder.ubc.ca/courses/lead-and-thrive-under-pressure-0,UBC Sauder School of Business,كلية سودر للأعمال بجامعة كولومبيا البريطانية,Vancouver,فانكوفر,Canada,كندا,americas,Lead and Thrive Under Pressure,القيادة والتفوق تحت الضغط,"A 1-day on-campus program from UBC Sauder School of Business, running 22 September 2026 to 22 September 2026.",برنامج حضوري لمدة يوم واحد من كلية سودر للأعمال بجامعة كولومبيا البريطانية، من 22 سبتمبر 2026 إلى 22 سبتمبر 2026.,leadership,in-person,2026-09-22,,1,1390,CAD,en,,,,,,,2026-09-14T00:00:00Z,school-page
https://growth.sauder.ubc.ca/courses/financial-statement-analysis-non-financial-managers,UBC Sauder School of Business,كلية سودر للأعمال بجامعة كولومبيا البريطانية,Vancouver,فانكوفر,Canada,كندا,americas,Financial Statement Analysis for Non-Financial Managers,تحليل القوائم المالية للمديرين غير الماليين,"A 2-day on-campus program from UBC Sauder School of Business, running 24 September 2026 to 25 September 2026.",برنامج حضوري لمدة يومين من كلية سودر للأعمال بجامعة كولومبيا البريطانية، من 24 سبتمبر 2026 إلى 25 سبتمبر 2026.,finance,in-person,2026-09-24,2026-09-25,2,2390,CAD,en,,,,,,,2026-09-14T00:00:00Z,school-page
https://growth.sauder.ubc.ca/courses/change-management-assessing-and-planning,UBC Sauder School of Business,كلية سودر للأعمال بجامعة كولومبيا البريطانية,Vancouver,فانكوفر,Canada,كندا,americas,Change Management Assessing and Planning,إدارة التغيير: التقييم والتخطيط,"A 20-day online program from UBC Sauder School of Business, running 25 September 2026 to 22 October 2026.",برنامج عبر الإنترنت لمدة 20 يومًا من كلية سودر للأعمال بجامعة كولومبيا البريطانية، من 25 سبتمبر 2026 إلى 22 أكتوبر 2026.,people,online,2026-09-25,2026-10-22,20,1095,CAD,en,,,,,,,2026-09-14T00:00:00Z,school-page
https://growth.sauder.ubc.ca/courses/change-management-bootcamp,UBC Sauder School of Business,كلية سودر للأعمال بجامعة كولومبيا البريطانية,Vancouver,فانكوفر,Canada,كندا,americas,Change Management Bootcamp,معسكر إدارة التغيير,"A 50-day online program from UBC Sauder School of Business, running 29 September 2026 to 8 December 2026.",برنامج عبر الإنترنت لمدة 50 يومًا من كلية سودر للأعمال بجامعة كولومبيا البريطانية، من 29 سبتمبر 2026 إلى 8 ديسمبر 2026.,people,online,2026-09-29,2026-12-08,50,4380,CAD,en,,,,,,,2026-09-14T00:00:00Z,school-page
https://growth.sauder.ubc.ca/courses/strategic-decision-making,UBC Sauder School of Business,كلية سودر للأعمال بجامعة كولومبيا البريطانية,Vancouver,فانكوفر,Canada,كندا,americas,Strategic Decision Making,صنع القرار الاستراتيجي,"A 2-day on-campus program from UBC Sauder School of Business, running 1 October 2026 to 2 October 2026.",برنامج حضوري لمدة يومين من كلية سودر للأعمال بجامعة كولومبيا البريطانية، من 1 أكتوبر 2026 إلى 2 أكتوبر 2026.,strategy,in-person,2026-10-01,2026-10-02,2,2390,CAD,en,,,,,,,2026-09-14T00:00:00Z,school-page
https://growth.sauder.ubc.ca/courses/transform-your-innovation-game,UBC Sauder School of Business,كلية سودر للأعمال بجامعة كولومبيا البريطانية,Vancouver,فانكوفر,Canada,كندا,americas,Transform Your Innovation Game,حوّل نهجك في الابتكار,"A 7-day online program from UBC Sauder School of Business, running 5 October 2026 to 30 October 2026.",برنامج عبر الإنترنت لمدة 7 أيام من كلية سودر للأعمال بجامعة كولومبيا البريطانية، من 5 أكتوبر 2026 إلى 30 أكتوبر 2026.,strategy,online,2026-10-05,2026-10-30,7,3685,CAD,en,,,,,,,2026-09-14T00:00:00Z,school-page
https://growth.sauder.ubc.ca/courses/lean-six-sigma-yellow-belt,UBC Sauder School of Business,كلية سودر للأعمال بجامعة كولومبيا البريطانية,Vancouver,فانكوفر,Canada,كندا,americas,Lean Six Sigma Yellow Belt,الحزام الأصفر في لين ستة سيغما (Lean Six Sigma),"A 2-day on-campus program from UBC Sauder School of Business, running 6 October 2026 to 7 October 2026.",برنامج حضوري لمدة يومين من كلية سودر للأعمال بجامعة كولومبيا البريطانية، من 6 أكتوبر 2026 إلى 7 أكتوبر 2026.,operations,in-person,2026-10-06,2026-10-07,2,2390,CAD,en,,,,,,,2026-09-14T00:00:00Z,school-page
https://growth.sauder.ubc.ca/courses/thinking-your-feet-communicating-dynamic-environment,UBC Sauder School of Business,كلية سودر للأعمال بجامعة كولومبيا البريطانية,Vancouver,فانكوفر,Canada,كندا,americas,Thinking on Your Feet: Communicating in a Dynamic Environment,سرعة البديهة: التواصل في بيئة متغيّرة,"A 1-day on-campus program from UBC Sauder School of Business, running 6 October 2026 to 6 October 2026.",برنامج حضوري لمدة يوم واحد من كلية سودر للأعمال بجامعة كولومبيا البريطانية، من 6 أكتوبر 2026 إلى 6 أكتوبر 2026.,leadership,in-person,2026-10-06,,1,1390,CAD,en,,,,,,,2026-09-14T00:00:00Z,school-page
https://growth.sauder.ubc.ca/courses/next-level-leadership,UBC Sauder School of Business,كلية سودر للأعمال بجامعة كولومبيا البريطانية,Vancouver,فانكوفر,Canada,كندا,americas,Next Level Leadership,القيادة إلى المستوى التالي,"A 3-day on-campus program from UBC Sauder School of Business, running 7 October 2026 to 9 October 2026.",برنامج حضوري لمدة 3 أيام من كلية سودر للأعمال بجامعة كولومبيا البريطانية، من 7 أكتوبر 2026 إلى 9 أكتوبر 2026.,leadership,in-person,2026-10-07,2026-10-09,3,2990,CAD,en,,,,,,,2026-09-14T00:00:00Z,school-page
https://growth.sauder.ubc.ca/courses/structured-project-management,UBC Sauder School of Business,كلية سودر للأعمال بجامعة كولومبيا البريطانية,Vancouver,فانكوفر,Canada,كندا,americas,Structured Project Management,إدارة المشاريع المنهجية,"A 25-day online program from UBC Sauder School of Business, running 7 October 2026 to 10 November 2026.",برنامج عبر الإنترنت لمدة 25 يومًا من كلية سودر للأعمال بجامعة كولومبيا البريطانية، من 7 أكتوبر 2026 إلى 10 نوفمبر 2026.,operations,online,2026-10-07,2026-11-10,25,1250,CAD,en,,,,,,,2026-09-14T00:00:00Z,school-page
https://growth.sauder.ubc.ca/courses/agile-product-ownership,UBC Sauder School of Business,كلية سودر للأعمال بجامعة كولومبيا البريطانية,Vancouver,فانكوفر,Canada,كندا,americas,Agile Product Ownership,ملكية المنتج في منهجية أجايل,"A 15-day online program from UBC Sauder School of Business, running 9 October 2026 to 25 October 2026.",برنامج عبر الإنترنت لمدة 15 يومًا من كلية سودر للأعمال بجامعة كولومبيا البريطانية، من 9 أكتوبر 2026 إلى 25 أكتوبر 2026.,operations,online,2026-10-09,2026-10-25,15,1095,CAD,en,,,,,,,2026-09-14T00:00:00Z,school-page
https://growth.sauder.ubc.ca/courses/agile-project-management,UBC Sauder School of Business,كلية سودر للأعمال بجامعة كولومبيا البريطانية,Vancouver,فانكوفر,Canada,كندا,americas,Agile Project Management,إدارة المشاريع بمنهجية أجايل,"A 25-day online program from UBC Sauder School of Business, running 14 October 2026 to 19 November 2026.",برنامج عبر الإنترنت لمدة 25 يومًا من كلية سودر للأعمال بجامعة كولومبيا البريطانية، من 14 أكتوبر 2026 إلى 19 نوفمبر 2026.,operations,online,2026-10-14,2026-11-19,25,1250,CAD,en,,,,,,,2026-09-14T00:00:00Z,school-page
https://growth.sauder.ubc.ca/courses/applied-project-management,UBC Sauder School of Business,كلية سودر للأعمال بجامعة كولومبيا البريطانية,Vancouver,فانكوفر,Canada,كندا,americas,Applied Project Management,إدارة المشاريع التطبيقية,"A 30-day online program from UBC Sauder School of Business, running 14 October 2026 to 24 November 2026.",برنامج عبر الإنترنت لمدة 30 يومًا من كلية سودر للأعمال بجامعة كولومبيا البريطانية، من 14 أكتوبر 2026 إلى 24 نوفمبر 2026.,operations,online,2026-10-14,2026-11-24,30,1995,CAD,en,,,,,,,2026-09-14T00:00:00Z,school-page
https://growth.sauder.ubc.ca/courses/coaching-and-mentoring,UBC Sauder School of Business,كلية سودر للأعمال بجامعة كولومبيا البريطانية,Vancouver,فانكوفر,Canada,كندا,americas,Coaching and Mentoring,التدريب والإرشاد,"A 2-day on-campus program from UBC Sauder School of Business, running 14 October 2026 to 15 October 2026.",برنامج حضوري لمدة يومين من كلية سودر للأعمال بجامعة كولومبيا البريطانية، من 14 أكتوبر 2026 إلى 15 أكتوبر 2026.,leadership,in-person,2026-10-14,2026-10-15,2,2390,CAD,en,,,,,,,2026-09-14T00:00:00Z,school-page
https://growth.sauder.ubc.ca/courses/principles-authentic-leadership-0,UBC Sauder School of Business,كلية سودر للأعمال بجامعة كولومبيا البريطانية,Vancouver,فانكوفر,Canada,كندا,americas,Principles of Authentic Leadership,مبادئ القيادة الأصيلة,"A 1-day on-campus program from UBC Sauder School of Business, running 14 October 2026 to 14 October 2026.",برنامج حضوري لمدة يوم واحد من كلية سودر للأعمال بجامعة كولومبيا البريطانية، من 14 أكتوبر 2026 إلى 14 أكتوبر 2026.,leadership,in-person,2026-10-14,,1,1390,CAD,en,,,,,,,2026-09-14T00:00:00Z,school-page
https://growth.sauder.ubc.ca/courses/project-management-fundamentals,UBC Sauder School of Business,كلية سودر للأعمال بجامعة كولومبيا البريطانية,Vancouver,فانكوفر,Canada,كندا,americas,Project Management Fundamentals,أسس إدارة المشاريع,"A 20-day online program from UBC Sauder School of Business, running 14 October 2026 to 10 November 2026.",برنامج عبر الإنترنت لمدة 20 يومًا من كلية سودر للأعمال بجامعة كولومبيا البريطانية، من 14 أكتوبر 2026 إلى 10 نوفمبر 2026.,operations,online,2026-10-14,2026-11-10,20,1250,CAD,en,,,,,,,2026-09-14T00:00:00Z,school-page
https://growth.sauder.ubc.ca/courses/high-performance-people-skills,UBC Sauder School of Business,كلية سودر للأعمال بجامعة كولومبيا البريطانية,Vancouver,فانكوفر,Canada,كندا,americas,High-Performance People Skills,مهارات التعامل مع الأفراد لتحقيق الأداء المتميز,"A 2-day on-campus program from UBC Sauder School of Business, running 15 October 2026 to 16 October 2026.",برنامج حضوري لمدة يومين من كلية سودر للأعمال بجامعة كولومبيا البريطانية، من 15 أكتوبر 2026 إلى 16 أكتوبر 2026.,leadership,in-person,2026-10-15,2026-10-16,2,2390,CAD,en,,,,,,,2026-09-14T00:00:00Z,school-page
https://growth.sauder.ubc.ca/courses/agile-delivery-methods,UBC Sauder School of Business,كلية سودر للأعمال بجامعة كولومبيا البريطانية,Vancouver,فانكوفر,Canada,كندا,americas,Agile Delivery Methods,أساليب التسليم في منهجية أجايل,"A 15-day online program from UBC Sauder School of Business, running 19 October 2026 to 15 November 2026.",برنامج عبر الإنترنت لمدة 15 يومًا من كلية سودر للأعمال بجامعة كولومبيا البريطانية، من 19 أكتوبر 2026 إلى 15 نوفمبر 2026.,operations,online,2026-10-19,2026-11-15,15,1250,CAD,en,,,,,,,2026-09-14T00:00:00Z,school-page
https://growth.sauder.ubc.ca/courses/business-analysis-planning-risk-management-and-performance-improvement,UBC Sauder School of Business,كلية سودر للأعمال بجامعة كولومبيا البريطانية,Vancouver,فانكوفر,Canada,كندا,americas,"Business Analysis Planning, Risk Management and Performance Improvement",التخطيط وإدارة المخاطر وتحسين الأداء في تحليل الأعمال,"A 20-day online program from UBC Sauder School of Business, running 19 October 2026 to 15 November 2026.",برنامج عبر الإنترنت لمدة 20 يومًا من كلية سودر للأعمال بجامعة كولومبيا البريطانية، من 19 أكتوبر 2026 إلى 15 نوفمبر 2026.,operations,online,2026-10-19,2026-11-15,20,1250,CAD,en,,,,,,,2026-09-14T00:00:00Z,school-page
https://growth.sauder.ubc.ca/courses/business-analysis-requirements-analysis-and-management,UBC Sauder School of Business,كلية سودر للأعمال بجامعة كولومبيا البريطانية,Vancouver,فانكوفر,Canada,كندا,americas,Business Analysis Requirements Analysis and Management,تحليل المتطلبات وإدارتها في تحليل الأعمال,"A 20-day online program from UBC Sauder School of Business, running 19 October 2026 to 15 November 2026.",برنامج عبر الإنترنت لمدة 20 يومًا من كلية سودر للأعمال بجامعة كولومبيا البريطانية، من 19 أكتوبر 2026 إلى 15 نوفمبر 2026.,operations,online,2026-10-19,2026-11-15,20,1250,CAD,en,,,,,,,2026-09-14T00:00:00Z,school-page
https://growth.sauder.ubc.ca/courses/lean-green-belt,UBC Sauder School of Business,كلية سودر للأعمال بجامعة كولومبيا البريطانية,Vancouver,فانكوفر,Canada,كندا,americas,Lean Green Belt,الحزام الأخضر في منهجية لين (Lean),"A 5-day on-campus program from UBC Sauder School of Business, running 19 October 2026 to 23 October 2026.",برنامج حضوري لمدة 5 أيام من كلية سودر للأعمال بجامعة كولومبيا البريطانية، من 19 أكتوبر 2026 إلى 23 أكتوبر 2026.,operations,in-person,2026-10-19,2026-10-23,5,3995,CAD,en,,,,,,,2026-09-14T00:00:00Z,school-page
https://growth.sauder.ubc.ca/courses/product-management-essentials,UBC Sauder School of Business,كلية سودر للأعمال بجامعة كولومبيا البريطانية,Vancouver,فانكوفر,Canada,كندا,americas,Product Management Essentials,أساسيات إدارة المنتجات,"A 3-day online program from UBC Sauder School of Business, running 19 October 2026 to 8 November 2026.",برنامج عبر الإنترنت لمدة 3 أيام من كلية سودر للأعمال بجامعة كولومبيا البريطانية، من 19 أكتوبر 2026 إلى 8 نوفمبر 2026.,strategy,online,2026-10-19,2026-11-08,3,995,CAD,en,,,,,,,2026-09-14T00:00:00Z,school-page
https://growth.sauder.ubc.ca/courses/change-management-implementing-and-evaluating,UBC Sauder School of Business,كلية سودر للأعمال بجامعة كولومبيا البريطانية,Vancouver,فانكوفر,Canada,كندا,americas,Change Management Implementing and Evaluating,إدارة التغيير: التنفيذ والتقييم,"A 20-day online program from UBC Sauder School of Business, running 23 October 2026 to 19 November 2026.",برنامج عبر الإنترنت لمدة 20 يومًا من كلية سودر للأعمال بجامعة كولومبيا البريطانية، من 23 أكتوبر 2026 إلى 19 نوفمبر 2026.,people,online,2026-10-23,2026-11-19,20,1095,CAD,en,,,,,,,2026-09-14T00:00:00Z,school-page
https://growth.sauder.ubc.ca/courses/organizational-decision-systems,UBC Sauder School of Business,كلية سودر للأعمال بجامعة كولومبيا البريطانية,Vancouver,فانكوفر,Canada,كندا,americas,Organizational Decision Systems,أنظمة القرار المؤسسي,"A 1-day online program from UBC Sauder School of Business, starting 23 October 2026.",برنامج عبر الإنترنت لمدة يوم واحد من كلية سودر للأعمال بجامعة كولومبيا البريطانية، يبدأ في 23 أكتوبر 2026.,operations,online,2026-10-23,,1,395,CAD,en,,,,,,,2026-09-14T00:00:00Z,school-page
https://growth.sauder.ubc.ca/courses/advanced-leadership-program,UBC Sauder School of Business,كلية سودر للأعمال بجامعة كولومبيا البريطانية,Vancouver,فانكوفر,Canada,كندا,americas,Advanced Leadership Program,برنامج القيادة المتقدم,"A 5-day on-campus program from UBC Sauder School of Business, running 26 October 2026 to 30 October 2026.",برنامج حضوري لمدة 5 أيام من كلية سودر للأعمال بجامعة كولومبيا البريطانية، من 26 أكتوبر 2026 إلى 30 أكتوبر 2026.,leadership,in-person,2026-10-26,2026-10-30,5,5650,CAD,en,,,,,,,2026-09-14T00:00:00Z,school-page
https://growth.sauder.ubc.ca/courses/employment-law-essentials,UBC Sauder School of Business,كلية سودر للأعمال بجامعة كولومبيا البريطانية,Vancouver,فانكوفر,Canada,كندا,americas,Employment Law Essentials,أساسيات قانون العمل,"A 2-day on-campus program from UBC Sauder School of Business, running 28 October 2026 to 29 October 2026.",برنامج حضوري لمدة يومين من كلية سودر للأعمال بجامعة كولومبيا البريطانية، من 28 أكتوبر 2026 إلى 29 أكتوبر 2026.,people,in-person,2026-10-28,2026-10-29,2,2390,CAD,en,,,,,,,2026-09-14T00:00:00Z,school-page
https://growth.sauder.ubc.ca/courses/managing-agile-delivery,UBC Sauder School of Business,كلية سودر للأعمال بجامعة كولومبيا البريطانية,Vancouver,فانكوفر,Canada,كندا,americas,Managing Agile Delivery,إدارة التسليم الرشيق (Agile),"A 15-day online program from UBC Sauder School of Business, running 2 November 2026 to 15 November 2026.",برنامج عبر الإنترنت لمدة 15 يومًا من كلية سودر للأعمال بجامعة كولومبيا البريطانية، من 2 نوفمبر 2026 إلى 15 نوفمبر 2026.,operations,online,2026-11-02,2026-11-15,15,1250,CAD,en,,,,,,,2026-09-14T00:00:00Z,school-page
https://growth.sauder.ubc.ca/courses/risk-management-business-leaders,UBC Sauder School of Business,كلية سودر للأعمال بجامعة كولومبيا البريطانية,Vancouver,فانكوفر,Canada,كندا,americas,Risk Management for Business Leaders,إدارة المخاطر لقادة الأعمال,"A 2-day on-campus program from UBC Sauder School of Business, running 4 November 2026 to 5 November 2026.",برنامج حضوري لمدة يومين من كلية سودر للأعمال بجامعة كولومبيا البريطانية، من 4 نوفمبر 2026 إلى 5 نوفمبر 2026.,operations,in-person,2026-11-04,2026-11-05,2,2390,CAD,en,,,,,,,2026-09-14T00:00:00Z,school-page
https://growth.sauder.ubc.ca/courses/fundamentals-accounting-non-financial-managers,UBC Sauder School of Business,كلية سودر للأعمال بجامعة كولومبيا البريطانية,Vancouver,فانكوفر,Canada,كندا,americas,Fundamentals of Accounting for Non-Financial Managers,أساسيات المحاسبة للمديرين غير الماليين,"A 2-day on-campus program from UBC Sauder School of Business, running 5 November 2026 to 6 November 2026.",برنامج حضوري لمدة يومين من كلية سودر للأعمال بجامعة كولومبيا البريطانية، من 5 نوفمبر 2026 إلى 6 نوفمبر 2026.,finance,in-person,2026-11-05,2026-11-06,2,2390,CAD,en,,,,,,,2026-09-14T00:00:00Z,school-page
https://growth.sauder.ubc.ca/courses/leading-people-through-change,UBC Sauder School of Business,كلية سودر للأعمال بجامعة كولومبيا البريطانية,Vancouver,فانكوفر,Canada,كندا,americas,Leading People Through Change,قيادة الأفراد خلال التغيير,"A 2-day on-campus program from UBC Sauder School of Business, running 9 November 2026 to 10 November 2026.",برنامج حضوري لمدة يومين من كلية سودر للأعمال بجامعة كولومبيا البريطانية، من 9 نوفمبر 2026 إلى 10 نوفمبر 2026.,people,in-person,2026-11-09,2026-11-10,2,2390,CAD,en,,,,,,,2026-09-14T00:00:00Z,school-page
https://growth.sauder.ubc.ca/courses/leading-middle,UBC Sauder School of Business,كلية سودر للأعمال بجامعة كولومبيا البريطانية,Vancouver,فانكوفر,Canada,كندا,americas,Leading from the Middle,القيادة من الوسط,"A 25-day online program from UBC Sauder School of Business, running 10 November 2026 to 15 December 2026.",برنامج عبر الإنترنت لمدة 25 يومًا من كلية سودر للأعمال بجامعة كولومبيا البريطانية، من 10 نوفمبر 2026 إلى 15 ديسمبر 2026.,leadership,online,2026-11-10,2026-12-15,25,1250,CAD,en,,,,,,,2026-09-14T00:00:00Z,school-page
https://growth.sauder.ubc.ca/courses/strategic-thinking-project-leaders-and-managers,UBC Sauder School of Business,كلية سودر للأعمال بجامعة كولومبيا البريطانية,Vancouver,فانكوفر,Canada,كندا,americas,Strategic Thinking for Project Leaders and Managers,التفكير الاستراتيجي لقادة المشاريع ومديريها,"A 1-day on-campus program from UBC Sauder School of Business, running 13 November 2026 to 13 November 2026.",برنامج حضوري لمدة يوم واحد من كلية سودر للأعمال بجامعة كولومبيا البريطانية، من 13 نوفمبر 2026 إلى 13 نوفمبر 2026.,operations,in-person,2026-11-13,,1,1390,CAD,en,,,,,,,2026-09-14T00:00:00Z,school-page
https://growth.sauder.ubc.ca/courses/ai-advantage-ai-strategies-business-leaders,UBC Sauder School of Business,كلية سودر للأعمال بجامعة كولومبيا البريطانية,Vancouver,فانكوفر,Canada,كندا,americas,AI Advantage - AI Strategies for Business Leaders,ميزة الذكاء الاصطناعي: استراتيجيات الذكاء الاصطناعي لقادة الأعمال,"A 2-day on-campus program from UBC Sauder School of Business, running 16 November 2026 to 17 November 2026.",برنامج حضوري لمدة يومين من كلية سودر للأعمال بجامعة كولومبيا البريطانية، من 16 نوفمبر 2026 إلى 17 نوفمبر 2026.,digital,in-person,2026-11-16,2026-11-17,2,2390,CAD,en,,,,,,,2026-09-14T00:00:00Z,school-page
https://growth.sauder.ubc.ca/courses/ai-product-management-bootcamp,UBC Sauder School of Business,كلية سودر للأعمال بجامعة كولومبيا البريطانية,Vancouver,فانكوفر,Canada,كندا,americas,AI Product Management Bootcamp,معسكر إدارة المنتجات القائمة على الذكاء الاصطناعي,"A 25-day online program from UBC Sauder School of Business, running 16 November 2026 to 19 December 2026.",برنامج عبر الإنترنت لمدة 25 يومًا من كلية سودر للأعمال بجامعة كولومبيا البريطانية، من 16 نوفمبر 2026 إلى 19 ديسمبر 2026.,digital,online,2026-11-16,2026-12-19,25,2495,CAD,en,,,,,,,2026-09-14T00:00:00Z,school-page
https://growth.sauder.ubc.ca/courses/agile-business-analysis,UBC Sauder School of Business,كلية سودر للأعمال بجامعة كولومبيا البريطانية,Vancouver,فانكوفر,Canada,كندا,americas,Agile Business Analysis,تحليل الأعمال في منهجية أجايل,"A 20-day online program from UBC Sauder School of Business, running 16 November 2026 to 13 December 2026.",برنامج عبر الإنترنت لمدة 20 يومًا من كلية سودر للأعمال بجامعة كولومبيا البريطانية، من 16 نوفمبر 2026 إلى 13 ديسمبر 2026.,operations,online,2026-11-16,2026-12-13,20,1095,CAD,en,,,,,,,2026-09-14T00:00:00Z,school-page
https://growth.sauder.ubc.ca/courses/business-analysis-leadership-and-collaboration,UBC Sauder School of Business,كلية سودر للأعمال بجامعة كولومبيا البريطانية,Vancouver,فانكوفر,Canada,كندا,americas,Business Analysis Leadership and Collaboration,القيادة والتعاون في تحليل الأعمال,"A 20-day online program from UBC Sauder School of Business, running 16 November 2026 to 13 December 2026.",برنامج عبر الإنترنت لمدة 20 يومًا من كلية سودر للأعمال بجامعة كولومبيا البريطانية، من 16 نوفمبر 2026 إلى 13 ديسمبر 2026.,operations,online,2026-11-16,2026-12-13,20,1250,CAD,en,,,,,,,2026-09-14T00:00:00Z,school-page
https://growth.sauder.ubc.ca/courses/fundamentals-behavioural-insights,UBC Sauder School of Business,كلية سودر للأعمال بجامعة كولومبيا البريطانية,Vancouver,فانكوفر,Canada,كندا,americas,Fundamentals of Behavioural Insights,أساسيات الرؤى السلوكية,"A 15-day online program from UBC Sauder School of Business, running 16 November 2026 to 6 December 2026.",برنامج عبر الإنترنت لمدة 15 يومًا من كلية سودر للأعمال بجامعة كولومبيا البريطانية، من 16 نوفمبر 2026 إلى 6 ديسمبر 2026.,people,online,2026-11-16,2026-12-06,15,995,CAD,en,,,,,,,2026-09-14T00:00:00Z,school-page
https://growth.sauder.ubc.ca/courses/leading-agile-organization,UBC Sauder School of Business,كلية سودر للأعمال بجامعة كولومبيا البريطانية,Vancouver,فانكوفر,Canada,كندا,americas,Leading in an Agile Organization,القيادة في المؤسسات المرنة,"A 15-day online program from UBC Sauder School of Business, running 16 November 2026 to 6 December 2026.",برنامج عبر الإنترنت لمدة 15 يومًا من كلية سودر للأعمال بجامعة كولومبيا البريطانية، من 16 نوفمبر 2026 إلى 6 ديسمبر 2026.,leadership,online,2026-11-16,2026-12-06,15,1250,CAD,en,,,,,,,2026-09-14T00:00:00Z,school-page
https://growth.sauder.ubc.ca/courses/strategies-and-skills-effective-negotiation,UBC Sauder School of Business,كلية سودر للأعمال بجامعة كولومبيا البريطانية,Vancouver,فانكوفر,Canada,كندا,americas,Strategies and Skills of Effective Negotiation,استراتيجيات ومهارات التفاوض الفعّال,"A 3-day on-campus program from UBC Sauder School of Business, running 17 November 2026 to 19 November 2026.",برنامج حضوري لمدة 3 أيام من كلية سودر للأعمال بجامعة كولومبيا البريطانية، من 17 نوفمبر 2026 إلى 19 نوفمبر 2026.,negotiation,in-person,2026-11-17,2026-11-19,3,2990,CAD,en,,,,,,,2026-09-14T00:00:00Z,school-page
https://growth.sauder.ubc.ca/courses/business-intelligence-power-bi,UBC Sauder School of Business,كلية سودر للأعمال بجامعة كولومبيا البريطانية,Vancouver,فانكوفر,Canada,كندا,americas,Business Intelligence with Power BI,ذكاء الأعمال باستخدام Power BI,"A 15-day online program from UBC Sauder School of Business, running 18 November 2026 to 9 December 2026.",برنامج عبر الإنترنت لمدة 15 يومًا من كلية سودر للأعمال بجامعة كولومبيا البريطانية، من 18 نوفمبر 2026 إلى 9 ديسمبر 2026.,data,online,2026-11-18,2026-12-09,15,1095,CAD,en,,,,,,,2026-09-14T00:00:00Z,school-page
https://growth.sauder.ubc.ca/courses/change-management-fostering-culture-and-capability,UBC Sauder School of Business,كلية سودر للأعمال بجامعة كولومبيا البريطانية,Vancouver,فانكوفر,Canada,كندا,americas,Change Management: Fostering Culture and Capability,إدارة التغيير: بناء الثقافة والقدرات,"A 20-day online program from UBC Sauder School of Business, running 20 November 2026 to 17 December 2026.",برنامج عبر الإنترنت لمدة 20 يومًا من كلية سودر للأعمال بجامعة كولومبيا البريطانية، من 20 نوفمبر 2026 إلى 17 ديسمبر 2026.,people,online,2026-11-20,2026-12-17,20,1095,CAD,en,,,,,,,2026-09-14T00:00:00Z,school-page
https://growth.sauder.ubc.ca/courses/persuasion-and-influence,UBC Sauder School of Business,كلية سودر للأعمال بجامعة كولومبيا البريطانية,Vancouver,فانكوفر,Canada,كندا,americas,Persuasion and Influence,الإقناع والتأثير,"A 2-day on-campus program from UBC Sauder School of Business, running 23 November 2026 to 24 November 2026.",برنامج حضوري لمدة يومين من كلية سودر للأعمال بجامعة كولومبيا البريطانية، من 23 نوفمبر 2026 إلى 24 نوفمبر 2026.,negotiation,in-person,2026-11-23,2026-11-24,2,2390,CAD,en,,,,,,,2026-09-14T00:00:00Z,school-page
https://growth.sauder.ubc.ca/courses/essentials-supervisory-skills,UBC Sauder School of Business,كلية سودر للأعمال بجامعة كولومبيا البريطانية,Vancouver,فانكوفر,Canada,كندا,americas,Essentials in Supervisory Skills,أساسيات المهارات الإشرافية,"A 2-day on-campus program from UBC Sauder School of Business, running 26 November 2026 to 27 November 2026.",برنامج حضوري لمدة يومين من كلية سودر للأعمال بجامعة كولومبيا البريطانية، من 26 نوفمبر 2026 إلى 27 نوفمبر 2026.,leadership,in-person,2026-11-26,2026-11-27,2,2390,CAD,en,,,,,,,2026-09-14T00:00:00Z,school-page
https://growth.sauder.ubc.ca/courses/speak-lead,UBC Sauder School of Business,كلية سودر للأعمال بجامعة كولومبيا البريطانية,Vancouver,فانكوفر,Canada,كندا,americas,Speak to Lead,تحدّث لتقود,"A 1-day on-campus program from UBC Sauder School of Business, running 1 December 2026 to 1 December 2026.",برنامج حضوري لمدة يوم واحد من كلية سودر للأعمال بجامعة كولومبيا البريطانية، من 1 ديسمبر 2026 إلى 1 ديسمبر 2026.,leadership,in-person,2026-12-01,,1,1390,CAD,en,,,,,,,2026-09-14T00:00:00Z,school-page
https://growth.sauder.ubc.ca/courses/influence-without-authority,UBC Sauder School of Business,كلية سودر للأعمال بجامعة كولومبيا البريطانية,Vancouver,فانكوفر,Canada,كندا,americas,Influence Without Authority,التأثير بلا سلطة رسمية,"A 2-day on-campus program from UBC Sauder School of Business, running 2 December 2026 to 3 December 2026.",برنامج حضوري لمدة يومين من كلية سودر للأعمال بجامعة كولومبيا البريطانية، من 2 ديسمبر 2026 إلى 3 ديسمبر 2026.,leadership,in-person,2026-12-02,2026-12-03,2,2390,CAD,en,,,,,,,2026-09-14T00:00:00Z,school-page
https://growth.sauder.ubc.ca/courses/communication-strategies-english-additional-language-professionals,UBC Sauder School of Business,كلية سودر للأعمال بجامعة كولومبيا البريطانية,Vancouver,فانكوفر,Canada,كندا,americas,Communication Strategies for English as Additional Language Professionals,استراتيجيات التواصل للمهنيين الناطقين بالإنجليزية كلغة إضافية,"A 2-day on-campus program from UBC Sauder School of Business, running 3 December 2026 to 4 December 2026.",برنامج حضوري لمدة يومين من كلية سودر للأعمال بجامعة كولومبيا البريطانية، من 3 ديسمبر 2026 إلى 4 ديسمبر 2026.,people,in-person,2026-12-03,2026-12-04,2,2390,CAD,en,,,,,,,2026-09-14T00:00:00Z,school-page
https://growth.sauder.ubc.ca/courses/strategy-implementation-works,UBC Sauder School of Business,كلية سودر للأعمال بجامعة كولومبيا البريطانية,Vancouver,فانكوفر,Canada,كندا,americas,Strategy Implementation that Works,تنفيذ الاستراتيجية بفاعلية,"A 2-day on-campus program from UBC Sauder School of Business, running 3 December 2026 to 4 December 2026.",برنامج حضوري لمدة يومين من كلية سودر للأعمال بجامعة كولومبيا البريطانية، من 3 ديسمبر 2026 إلى 4 ديسمبر 2026.,strategy,in-person,2026-12-03,2026-12-04,2,2390,CAD,en,,,,,,,2026-09-14T00:00:00Z,school-page
https://growth.sauder.ubc.ca/courses/essential-management-skills,UBC Sauder School of Business,كلية سودر للأعمال بجامعة كولومبيا البريطانية,Vancouver,فانكوفر,Canada,كندا,americas,Essential Management Skills,المهارات الإدارية الأساسية,"A 5-day on-campus program from UBC Sauder School of Business, running 7 December 2026 to 11 December 2026.",برنامج حضوري لمدة 5 أيام من كلية سودر للأعمال بجامعة كولومبيا البريطانية، من 7 ديسمبر 2026 إلى 11 ديسمبر 2026.,leadership,in-person,2026-12-07,2026-12-11,5,4390,CAD,en,,,,,,,2026-09-14T00:00:00Z,school-page
https://growth.sauder.ubc.ca/courses/leadership-excellence-administrative-professionals,UBC Sauder School of Business,كلية سودر للأعمال بجامعة كولومبيا البريطانية,Vancouver,فانكوفر,Canada,كندا,americas,Leadership Excellence for Administrative Professionals,التميز القيادي للعاملين في الشؤون الإدارية,"A 2-day on-campus program from UBC Sauder School of Business, running 7 December 2026 to 8 December 2026.",برنامج حضوري لمدة يومين من كلية سودر للأعمال بجامعة كولومبيا البريطانية، من 7 ديسمبر 2026 إلى 8 ديسمبر 2026.,leadership,in-person,2026-12-07,2026-12-08,2,2390,CAD,en,,,,,,,2026-09-14T00:00:00Z,school-page
https://growth.sauder.ubc.ca/courses/introduction-labour-relations,UBC Sauder School of Business,كلية سودر للأعمال بجامعة كولومبيا البريطانية,Vancouver,فانكوفر,Canada,كندا,americas,An Introduction to Labour Relations,مقدمة في علاقات العمل,"A 1-day on-campus program from UBC Sauder School of Business, running 13 January 2027 to 13 January 2027.",برنامج حضوري لمدة يوم واحد من كلية سودر للأعمال بجامعة كولومبيا البريطانية، من 13 يناير 2027 إلى 13 يناير 2027.,people,in-person,2027-01-13,,1,1390,CAD,en,,,,,,,2026-09-14T00:00:00Z,school-page
https://growth.sauder.ubc.ca/courses/change-management-fundamentals,UBC Sauder School of Business,كلية سودر للأعمال بجامعة كولومبيا البريطانية,Vancouver,فانكوفر,Canada,كندا,americas,Change Management Fundamentals,أساسيات إدارة التغيير,"A 20-day online program from UBC Sauder School of Business, running 15 January 2027 to 12 February 2027.",برنامج عبر الإنترنت لمدة 20 يومًا من كلية سودر للأعمال بجامعة كولومبيا البريطانية، من 15 يناير 2027 إلى 12 فبراير 2027.,people,online,2027-01-15,2027-02-12,20,1095,CAD,en,,,,,,,2026-09-14T00:00:00Z,school-page
https://growth.sauder.ubc.ca/courses/applying-behavioural-science-organizational-and-social-impact,UBC Sauder School of Business,كلية سودر للأعمال بجامعة كولومبيا البريطانية,Vancouver,فانكوفر,Canada,كندا,americas,Applying Behavioural Science for Organizational and Social Impact,توظيف علم السلوك لتحقيق الأثر التنظيمي والمجتمعي,"A 2-day on-campus program from UBC Sauder School of Business, running 19 January 2027 to 20 January 2027.",برنامج حضوري لمدة يومين من كلية سودر للأعمال بجامعة كولومبيا البريطانية، من 19 يناير 2027 إلى 20 يناير 2027.,people,in-person,2027-01-19,2027-01-20,2,2390,CAD,en,,,,,,,2026-09-14T00:00:00Z,school-page
https://growth.sauder.ubc.ca/courses/quiet-strength-communication-strategies-introverts,UBC Sauder School of Business,كلية سودر للأعمال بجامعة كولومبيا البريطانية,Vancouver,فانكوفر,Canada,كندا,americas,Quiet Strength: Communication Strategies for Introverts,القوة الهادئة: استراتيجيات التواصل للانطوائيين,"A 1-day on-campus program from UBC Sauder School of Business, running 22 January 2027 to 22 January 2027.",برنامج حضوري لمدة يوم واحد من كلية سودر للأعمال بجامعة كولومبيا البريطانية، من 22 يناير 2027 إلى 22 يناير 2027.,people,in-person,2027-01-22,,1,1390,CAD,en,,,,,,,2026-09-14T00:00:00Z,school-page
https://growth.sauder.ubc.ca/courses/building-effective-strategy,UBC Sauder School of Business,كلية سودر للأعمال بجامعة كولومبيا البريطانية,Vancouver,فانكوفر,Canada,كندا,americas,Building an Effective Strategy,بناء استراتيجية فعالة,"A 2-day on-campus program from UBC Sauder School of Business, running 28 January 2027 to 29 January 2027.",برنامج حضوري لمدة يومين من كلية سودر للأعمال بجامعة كولومبيا البريطانية، من 28 يناير 2027 إلى 29 يناير 2027.,strategy,in-person,2027-01-28,2027-01-29,2,2390,CAD,en,,,,,,,2026-09-14T00:00:00Z,school-page
https://growth.sauder.ubc.ca/courses/smartsheet-project-managers,UBC Sauder School of Business,كلية سودر للأعمال بجامعة كولومبيا البريطانية,Vancouver,فانكوفر,Canada,كندا,americas,Smartsheet for Project Managers,Smartsheet لمديري المشاريع,"A 2-day online program from UBC Sauder School of Business, running 3 February 2027 to 24 February 2027.",برنامج عبر الإنترنت لمدة يومين من كلية سودر للأعمال بجامعة كولومبيا البريطانية، من 3 فبراير 2027 إلى 24 فبراير 2027.,operations,online,2027-02-03,2027-02-24,2,995,CAD,en,,,,,,,2026-09-14T00:00:00Z,school-page
https://growth.sauder.ubc.ca/courses/strategic-planning-non-profit-leaders,UBC Sauder School of Business,كلية سودر للأعمال بجامعة كولومبيا البريطانية,Vancouver,فانكوفر,Canada,كندا,americas,Strategic Planning for Non-Profit Leaders,التخطيط الاستراتيجي لقادة القطاع غير الربحي,"A 2-day on-campus program from UBC Sauder School of Business, running 3 February 2027 to 4 February 2027.",برنامج حضوري لمدة يومين من كلية سودر للأعمال بجامعة كولومبيا البريطانية، من 3 فبراير 2027 إلى 4 فبراير 2027.,strategy,in-person,2027-02-03,2027-02-04,2,2390,CAD,en,,,,,,,2026-09-14T00:00:00Z,school-page
https://growth.sauder.ubc.ca/courses/strategic-stakeholder-engagement,UBC Sauder School of Business,كلية سودر للأعمال بجامعة كولومبيا البريطانية,Vancouver,فانكوفر,Canada,كندا,americas,Strategic Stakeholder Engagement,التواصل الاستراتيجي مع أصحاب المصلحة,"A 2-day on-campus program from UBC Sauder School of Business, running 8 February 2027 to 9 February 2027.",برنامج حضوري لمدة يومين من كلية سودر للأعمال بجامعة كولومبيا البريطانية، من 8 فبراير 2027 إلى 9 فبراير 2027.,leadership,in-person,2027-02-08,2027-02-09,2,2390,CAD,en,,,,,,,2026-09-14T00:00:00Z,school-page
https://growth.sauder.ubc.ca/courses/digital-asset-rights-risk-management-bootcamp,UBC Sauder School of Business,كلية سودر للأعمال بجامعة كولومبيا البريطانية,Vancouver,فانكوفر,Canada,كندا,americas,"Digital Asset, Rights & Risk Management Bootcamp",إدارة الأصول الرقمية والحقوق والمخاطر: برنامج مكثف,"A 9-day online program from UBC Sauder School of Business, running 15 February 2027 to 18 April 2027.",برنامج عبر الإنترنت لمدة 9 أيام من كلية سودر للأعمال بجامعة كولومبيا البريطانية، من 15 فبراير 2027 إلى 18 أبريل 2027.,digital,online,2027-02-15,2027-04-18,9,3495,CAD,en,,,,,,,2026-09-14T00:00:00Z,school-page
https://growth.sauder.ubc.ca/courses/mini-mba-essential-business-skills,UBC Sauder School of Business,كلية سودر للأعمال بجامعة كولومبيا البريطانية,Vancouver,فانكوفر,Canada,كندا,americas,Mini-MBA: Essential Business Skills,برنامج الماجستير المصغّر في إدارة الأعمال: المهارات الأساسية,"A 11-day online program from UBC Sauder School of Business, running 16 February 2027 to 12 March 2027.",برنامج عبر الإنترنت لمدة 11 يومًا من كلية سودر للأعمال بجامعة كولومبيا البريطانية، من 16 فبراير 2027 إلى 12 مارس 2027.,leadership,online,2027-02-16,2027-03-12,11,5650,CAD,en,,,,,,,2026-09-14T00:00:00Z,school-page
https://growth.sauder.ubc.ca/courses/project-management-essentials,UBC Sauder School of Business,كلية سودر للأعمال بجامعة كولومبيا البريطانية,Vancouver,فانكوفر,Canada,كندا,americas,Project Management Essentials,أساسيات إدارة المشاريع,"A 3-day on-campus program from UBC Sauder School of Business, running 8 March 2027 to 10 March 2027.",برنامج حضوري لمدة 3 أيام من كلية سودر للأعمال بجامعة كولومبيا البريطانية، من 8 مارس 2027 إلى 10 مارس 2027.,operations,in-person,2027-03-08,2027-03-10,3,2990,CAD,en,,,,,,,2026-09-14T00:00:00Z,school-page
https://executive.berkeley.edu/programs/womens-executive-leadership-program,UC Berkeley Haas School of Business,كلية هاس للأعمال بجامعة كاليفورنيا في بيركلي,Berkeley,بيركلي,United States,الولايات المتحدة,americas,Women's Executive Leadership Program,البرنامج التنفيذي للقيادة النسائية,"A 4-day on-campus program from UC Berkeley Haas School of Business, running 22 September 2026 to 25 September 2026.",برنامج حضوري لمدة 4 أيام من كلية هاس للأعمال بجامعة كاليفورنيا في بيركلي، من 22 سبتمبر 2026 إلى 25 سبتمبر 2026.,leadership,in-person,2026-09-22,2026-09-25,4,6900,USD,en,,,,,,,2026-09-14T00:00:00Z,school-page
https://executive.berkeley.edu/programs/agentic-ai-strategy-applications-and-organizational-impact,UC Berkeley Haas School of Business,كلية هاس للأعمال بجامعة كاليفورنيا في بيركلي,Berkeley,بيركلي,United States,الولايات المتحدة,americas,"Agentic AI: Strategy, Applications, and Organizational Impact",الذكاء الاصطناعي الوكيلي: الاستراتيجية والتطبيقات والأثر التنظيمي,"A 25-day online program from UC Berkeley Haas School of Business, running 24 September 2026 to 5 November 2026.",برنامج عبر الإنترنت لمدة 25 يومًا من كلية هاس للأعمال بجامعة كاليفورنيا في بيركلي، من 24 سبتمبر 2026 إلى 5 نوفمبر 2026.,strategy,online,2026-09-24,2026-11-05,25,3550,USD,en,,,,,,,2026-09-14T00:00:00Z,school-page
https://executive.berkeley.edu/programs/product-management-program,UC Berkeley Haas School of Business,كلية هاس للأعمال بجامعة كاليفورنيا في بيركلي,Berkeley,بيركلي,United States,الولايات المتحدة,americas,Product Management Program,برنامج إدارة المنتجات,"A 5-day on-campus program from UC Berkeley Haas School of Business, running 28 September 2026 to 2 October 2026.",برنامج حضوري لمدة 5 أيام من كلية هاس للأعمال بجامعة كاليفورنيا في بيركلي، من 28 سبتمبر 2026 إلى 2 أكتوبر 2026.,operations,in-person,2026-09-28,2026-10-02,5,7900,USD,en,,,,,,,2026-09-14T00:00:00Z,school-page
https://executive.berkeley.edu/programs/advanced-executive-presence-program,UC Berkeley Haas School of Business,كلية هاس للأعمال بجامعة كاليفورنيا في بيركلي,Berkeley,بيركلي,United States,الولايات المتحدة,americas,Advanced Executive Presence Program,البرنامج المتقدم للحضور القيادي,"A 3-day on-campus program from UC Berkeley Haas School of Business, running 30 September 2026 to 2 October 2026.",برنامج حضوري لمدة 3 أيام من كلية هاس للأعمال بجامعة كاليفورنيا في بيركلي، من 30 سبتمبر 2026 إلى 2 أكتوبر 2026.,leadership,in-person,2026-09-30,2026-10-02,3,5900,USD,en,,,,,,,2026-09-14T00:00:00Z,school-page
https://executive.berkeley.edu/programs/financial-data-analysis-leaders-program,UC Berkeley Haas School of Business,كلية هاس للأعمال بجامعة كاليفورنيا في بيركلي,Berkeley,بيركلي,United States,الولايات المتحدة,americas,Financial Data Analysis for Leaders Program,برنامج تحليل البيانات المالية للقادة,"A 5-day online program from UC Berkeley Haas School of Business, running 5 October 2026 to 9 October 2026.",برنامج عبر الإنترنت لمدة 5 أيام من كلية هاس للأعمال بجامعة كاليفورنيا في بيركلي، من 5 أكتوبر 2026 إلى 9 أكتوبر 2026.,finance,online,2026-10-05,2026-10-09,5,5800,USD,en,,,,,,,2026-09-14T00:00:00Z,school-page
https://executive.berkeley.edu/programs/product-management-studio-program,UC Berkeley Haas School of Business,كلية هاس للأعمال بجامعة كاليفورنيا في بيركلي,Berkeley,بيركلي,United States,الولايات المتحدة,americas,Product Management Studio Program,برنامج استوديو إدارة المنتجات,"A 40-day online program from UC Berkeley Haas School of Business, running 5 October 2026 to 17 December 2026.",برنامج عبر الإنترنت لمدة 40 يومًا من كلية هاس للأعمال بجامعة كاليفورنيا في بيركلي، من 5 أكتوبر 2026 إلى 17 ديسمبر 2026.,operations,online,2026-10-05,2026-12-17,40,3700,USD,en,,,,,,,2026-09-14T00:00:00Z,school-page
https://executive.berkeley.edu/programs/leadership-communications-program,UC Berkeley Haas School of Business,كلية هاس للأعمال بجامعة كاليفورنيا في بيركلي,Berkeley,بيركلي,United States,الولايات المتحدة,americas,Leadership Communications Program,برنامج التواصل القيادي,"A 3-day on-campus program from UC Berkeley Haas School of Business, running 14 October 2026 to 16 October 2026.",برنامج حضوري لمدة 3 أيام من كلية هاس للأعمال بجامعة كاليفورنيا في بيركلي، من 14 أكتوبر 2026 إلى 16 أكتوبر 2026.,leadership,in-person,2026-10-14,2026-10-16,3,5600,USD,en,,,,,,,2026-09-14T00:00:00Z,school-page
https://executive.berkeley.edu/programs/berkeley-executive-leadership-program,UC Berkeley Haas School of Business,كلية هاس للأعمال بجامعة كاليفورنيا في بيركلي,Berkeley,بيركلي,United States,الولايات المتحدة,americas,The Berkeley Executive Leadership Program,البرنامج التنفيذي للقيادة في بيركلي,"A 5-day on-campus program from UC Berkeley Haas School of Business, running 26 October 2026 to 30 October 2026.",برنامج حضوري لمدة 5 أيام من كلية هاس للأعمال بجامعة كاليفورنيا في بيركلي، من 26 أكتوبر 2026 إلى 30 أكتوبر 2026.,leadership,in-person,2026-10-26,2026-10-30,5,9900,USD,en,,,,,,,2026-09-14T00:00:00Z,school-page
https://executive.berkeley.edu/programs/venture-capital-executive-program,UC Berkeley Haas School of Business,كلية هاس للأعمال بجامعة كاليفورنيا في بيركلي,Berkeley,بيركلي,United States,الولايات المتحدة,americas,Venture Capital Executive Program,البرنامج التنفيذي في رأس المال الجريء,"A 5-day on-campus program from UC Berkeley Haas School of Business, running 2 November 2026 to 6 November 2026.",برنامج حضوري لمدة 5 أيام من كلية هاس للأعمال بجامعة كاليفورنيا في بيركلي، من 2 نوفمبر 2026 إلى 6 نوفمبر 2026.,finance,in-person,2026-11-02,2026-11-06,5,8700,USD,en,,,,,,,2026-09-14T00:00:00Z,school-page
https://executive.berkeley.edu/programs/high-impact-leadership-program,UC Berkeley Haas School of Business,كلية هاس للأعمال بجامعة كاليفورنيا في بيركلي,Berkeley,بيركلي,United States,الولايات المتحدة,americas,High-Impact Leadership Program,برنامج القيادة عالية الأثر,"A 3-day on-campus program from UC Berkeley Haas School of Business, running 4 November 2026 to 6 November 2026.",برنامج حضوري لمدة 3 أيام من كلية هاس للأعمال بجامعة كاليفورنيا في بيركلي، من 4 نوفمبر 2026 إلى 6 نوفمبر 2026.,leadership,in-person,2026-11-04,2026-11-06,3,5900,USD,en,,,,,,,2026-09-14T00:00:00Z,school-page
https://executive.berkeley.edu/programs/leading-strategy-execution-through-culture-program,UC Berkeley Haas School of Business,كلية هاس للأعمال بجامعة كاليفورنيا في بيركلي,Berkeley,بيركلي,United States,الولايات المتحدة,americas,Leading Strategy Execution through Culture Program,برنامج قيادة تنفيذ الاستراتيجية عبر الثقافة المؤسسية,"A 3-day online program from UC Berkeley Haas School of Business, running 4 November 2026 to 6 November 2026.",برنامج عبر الإنترنت لمدة 3 أيام من كلية هاس للأعمال بجامعة كاليفورنيا في بيركلي، من 4 نوفمبر 2026 إلى 6 نوفمبر 2026.,strategy,online,2026-11-04,2026-11-06,3,3400,USD,en,,,,,,,2026-09-14T00:00:00Z,school-page
https://executive.berkeley.edu/programs/new-manager-boot-camp,UC Berkeley Haas School of Business,كلية هاس للأعمال بجامعة كاليفورنيا في بيركلي,Berkeley,بيركلي,United States,الولايات المتحدة,americas,New Manager Boot Camp,برنامج تأهيل المدراء الجدد المكثّف,"A 3-day on-campus program from UC Berkeley Haas School of Business, running 4 November 2026 to 6 November 2026.",برنامج حضوري لمدة 3 أيام من كلية هاس للأعمال بجامعة كاليفورنيا في بيركلي، من 4 نوفمبر 2026 إلى 6 نوفمبر 2026.,people,in-person,2026-11-04,2026-11-06,3,5400,USD,en,,,,,,,2026-09-14T00:00:00Z,school-page
https://executive.berkeley.edu/programs/negotiation-and-influence-program,UC Berkeley Haas School of Business,كلية هاس للأعمال بجامعة كاليفورنيا في بيركلي,Berkeley,بيركلي,United States,الولايات المتحدة,americas,Negotiation and Influence Program,برنامج التفاوض والتأثير,"A 3-day on-campus program from UC Berkeley Haas School of Business, running 18 November 2026 to 20 November 2026.",برنامج حضوري لمدة 3 أيام من كلية هاس للأعمال بجامعة كاليفورنيا في بيركلي، من 18 نوفمبر 2026 إلى 20 نوفمبر 2026.,negotiation,in-person,2026-11-18,2026-11-20,3,5100,USD,en,,,,,,,2026-09-14T00:00:00Z,school-page
https://executive.berkeley.edu/programs/berkeley-changemaker-program,UC Berkeley Haas School of Business,كلية هاس للأعمال بجامعة كاليفورنيا في بيركلي,Berkeley,بيركلي,United States,الولايات المتحدة,americas,The Berkeley Changemaker Program,برنامج بيركلي لصنّاع التغيير,"A 3-day on-campus program from UC Berkeley Haas School of Business, running 9 December 2026 to 11 December 2026.",برنامج حضوري لمدة 3 أيام من كلية هاس للأعمال بجامعة كاليفورنيا في بيركلي، من 9 ديسمبر 2026 إلى 11 ديسمبر 2026.,leadership,in-person,2026-12-09,2026-12-11,3,4500,USD,en,,,,,,,2026-09-14T00:00:00Z,school-page
https://executive.berkeley.edu/programs/ai-executives-program,UC Berkeley Haas School of Business,كلية هاس للأعمال بجامعة كاليفورنيا في بيركلي,Berkeley,بيركلي,United States,الولايات المتحدة,americas,AI for Executives Program,برنامج الذكاء الاصطناعي للتنفيذيين,"A 3-day on-campus program from UC Berkeley Haas School of Business, running 29 March 2027 to 31 March 2027.",برنامج حضوري لمدة 3 أيام من كلية هاس للأعمال بجامعة كاليفورنيا في بيركلي، من 29 مارس 2027 إلى 31 مارس 2027.,digital,in-person,2027-03-29,2027-03-31,3,6500,USD,en,,,,,,,2026-09-14T00:00:00Z,school-page
https://es.unisg.ch/en/executive-programme/data-protection-officer-dpo-hsg/,University of St. Gallen Executive School,المدرسة التنفيذية بجامعة سانت غالن,St. Gallen,سانت غالن,Switzerland,سويسرا,europe,Data Protection Officer (DPO HSG),مسؤول حماية البيانات (DPO HSG),"A 15-day blended program from University of St. Gallen Executive School, starting 14 September 2026.",برنامج مدمج لمدة 15 يومًا من المدرسة التنفيذية بجامعة سانت غالن، يبدأ في 14 سبتمبر 2026.,data,blended,2026-09-14,,15,13500,CHF,en,,,,,,,2026-09-14T00:00:00Z,school-page
https://es.unisg.ch/en/executive-programme/hsg-intensivstudium-fuer-kommunikation-und-management-cas/,University of St. Gallen Executive School,المدرسة التنفيذية بجامعة سانت غالن,St. Gallen,سانت غالن,Switzerland,سويسرا,europe,HSG-Intensivstudium für Kommunikation und Management (CAS),CAS HSG دراسة مكثفة في الاتصال والإدارة,"A 20-day on-campus program from University of St. Gallen Executive School, running 14 September 2026 to 3 October 2026.",برنامج حضوري لمدة 20 يومًا من المدرسة التنفيذية بجامعة سانت غالن، من 14 سبتمبر 2026 إلى 3 أكتوبر 2026.,marketing,in-person,2026-09-14,,20,18750,CHF,de,,,,,,,2026-09-14T00:00:00Z,school-page
https://es.unisg.ch/en/executive-programme/mindset-matters-selbstmanagement-fuer-nachhaltigen-erfolg/,University of St. Gallen Executive School,المدرسة التنفيذية بجامعة سانت غالن,St. Gallen,سانت غالن,Switzerland,سويسرا,europe,Mindset Matters – Selbstmanagement für nachhaltigen Erfolg,العقلية أساس النجاح – إدارة الذات لتحقيق نجاح مستدام,"A 3-day on-campus program from University of St. Gallen Executive School, running 15 September 2026 to 17 September 2026.",برنامج حضوري لمدة 3 أيام من المدرسة التنفيذية بجامعة سانت غالن، من 15 سبتمبر 2026 إلى 17 سبتمبر 2026.,leadership,in-person,2026-09-15,,3,3450,CHF,de,,,,,,,2026-09-14T00:00:00Z,school-page
https://es.unisg.ch/en/executive-programme/st-galler-seminar-fuer-familienunternehmen-kmu/,University of St. Gallen Executive School,المدرسة التنفيذية بجامعة سانت غالن,St. Gallen,سانت غالن,Switzerland,سويسرا,europe,St.Galler Seminar für Familienunternehmen und inhabergeführte Unternehmen,برنامج سانت غالن للشركات العائلية والشركات التي يديرها ملاكها,"A 4-day on-campus program from University of St. Gallen Executive School, running 15 September 2026 to 18 September 2026.",برنامج حضوري لمدة 4 أيام من المدرسة التنفيذية بجامعة سانت غالن، من 15 سبتمبر 2026 إلى 18 سبتمبر 2026.,entrepreneurship,in-person,2026-09-15,,4,3800,CHF,de,,,,,,,2026-09-14T00:00:00Z,school-page
https://es.unisg.ch/en/executive-programme/transformation-erfolgreich-gestalten/,University of St. Gallen Executive School,المدرسة التنفيذية بجامعة سانت غالن,St. Gallen,سانت غالن,Switzerland,سويسرا,europe,Transformation erfolgreich gestalten,تحقيق التحول بنجاح,"A 4-day on-campus program from University of St. Gallen Executive School, running 16 September 2026 to 19 September 2026.",برنامج حضوري لمدة 4 أيام من المدرسة التنفيذية بجامعة سانت غالن، من 16 سبتمبر 2026 إلى 19 سبتمبر 2026.,strategy,in-person,2026-09-16,,4,4700,CHF,de,,,,,,,2026-09-14T00:00:00Z,school-page
https://es.unisg.ch/en/executive-programme/compliance-management-day-3/,University of St. Gallen Executive School,المدرسة التنفيذية بجامعة سانت غالن,St. Gallen,سانت غالن,Switzerland,سويسرا,europe,Compliance Management Day,يوم إدارة الالتزام,"A 1-day on-campus program from University of St. Gallen Executive School, running 17 September 2026 to 17 September 2026.",برنامج حضوري لمدة يوم واحد من المدرسة التنفيذية بجامعة سانت غالن، من 17 سبتمبر 2026 إلى 17 سبتمبر 2026.,operations,in-person,2026-09-17,,1,580,CHF,en,,,,,,,2026-09-14T00:00:00Z,school-page
https://es.unisg.ch/en/executive-programme/financial-performance-management/,University of St. Gallen Executive School,المدرسة التنفيذية بجامعة سانت غالن,St. Gallen,سانت غالن,Switzerland,سويسرا,europe,Financial Performance Management,إدارة الأداء المالي,"A 2-day on-campus program from University of St. Gallen Executive School, running 17 September 2026 to 18 September 2026.",برنامج حضوري لمدة يومين من المدرسة التنفيذية بجامعة سانت غالن، من 17 سبتمبر 2026 إلى 18 سبتمبر 2026.,finance,in-person,2026-09-17,,2,2250,CHF,de,,,,,,,2026-09-14T00:00:00Z,school-page
https://es.unisg.ch/en/executive-programme/risk-management-online-seminar/,University of St. Gallen Executive School,المدرسة التنفيذية بجامعة سانت غالن,St. Gallen,سانت غالن,Switzerland,سويسرا,europe,Risk Management Online Seminar,إدارة المخاطر – برنامج عبر الإنترنت,"A 5-day online program from University of St. Gallen Executive School, starting 18 September 2026.",برنامج عبر الإنترنت لمدة 5 أيام من المدرسة التنفيذية بجامعة سانت غالن، يبدأ في 18 سبتمبر 2026.,finance,online,2026-09-18,,5,1900,CHF,en,,,,,,,2026-09-14T00:00:00Z,school-page
https://es.unisg.ch/en/executive-programme/cas-leading-sustainable-business-innovation/,University of St. Gallen Executive School,المدرسة التنفيذية بجامعة سانت غالن,St. Gallen,سانت غالن,Switzerland,سويسرا,europe,CAS Leading Sustainable Business Innovation,CAS قيادة الابتكار المستدام في الأعمال,"A 15-day on-campus program from University of St. Gallen Executive School, running 21 September 2026 to 5 October 2026.",برنامج حضوري لمدة 15 يومًا من المدرسة التنفيذية بجامعة سانت غالن، من 21 سبتمبر 2026 إلى 5 أكتوبر 2026.,sustainability,in-person,2026-09-21,,15,13800,CHF,en,,,,,,,2026-09-14T00:00:00Z,school-page
https://es.unisg.ch/en/executive-programme/cas-leading-sustainable-business-innovation-m3/,University of St. Gallen Executive School,المدرسة التنفيذية بجامعة سانت غالن,St. Gallen,سانت غالن,Switzerland,سويسرا,europe,Sustainable Business Model Innovation,ابتكار نماذج الأعمال المستدامة,"A 5-day on-campus program from University of St. Gallen Executive School, running 21 September 2026 to 25 September 2026.",برنامج حضوري لمدة 5 أيام من المدرسة التنفيذية بجامعة سانت غالن، من 21 سبتمبر 2026 إلى 25 سبتمبر 2026.,sustainability,in-person,2026-09-21,,5,4500,CHF,en,,,,,,,2026-09-14T00:00:00Z,school-page
https://es.unisg.ch/en/executive-programme/strategische-organisationsentwicklung-und-restrukturierung/,University of St. Gallen Executive School,المدرسة التنفيذية بجامعة سانت غالن,St. Gallen,سانت غالن,Switzerland,سويسرا,europe,Strategische Organisationsentwicklung und Restrukturierung,التطوير التنظيمي الاستراتيجي وإعادة الهيكلة,"A 4-day on-campus program from University of St. Gallen Executive School, running 28 September 2026 to 1 October 2026.",برنامج حضوري لمدة 4 أيام من المدرسة التنفيذية بجامعة سانت غالن، من 28 سبتمبر 2026 إلى 1 أكتوبر 2026.,strategy,in-person,2026-09-28,,4,4900,CHF,de,,,,,,,2026-09-14T00:00:00Z,school-page
https://es.unisg.ch/en/executive-programme/weiterbildung-fuer-politik-cas-kommunikation-und-verhandlung-in-der-politik-public-affairs/,University of St. Gallen Executive School,المدرسة التنفيذية بجامعة سانت غالن,St. Gallen,سانت غالن,Switzerland,سويسرا,europe,Weiterbildung für Politik – CAS Kommunikation und Politik,التطوير المهني للعمل السياسي – CAS الاتصال والسياسة,"A 17-day on-campus program from University of St. Gallen Executive School, running 1 October 2026 to 17 October 2026.",برنامج حضوري لمدة 17 يومًا من المدرسة التنفيذية بجامعة سانت غالن، من 1 أكتوبر 2026 إلى 17 أكتوبر 2026.,negotiation,in-person,2026-10-01,,17,11500,CHF,de,,,,,,,2026-09-14T00:00:00Z,school-page
https://es.unisg.ch/en/executive-programme/your-path-to-a-board-seat/,University of St. Gallen Executive School,المدرسة التنفيذية بجامعة سانت غالن,St. Gallen,سانت غالن,Switzerland,سويسرا,europe,Your Path to a Board Seat,طريقك إلى مقعد في مجلس الإدارة,"A 2-day online program from University of St. Gallen Executive School, starting 6 October 2026.",برنامج عبر الإنترنت لمدة يومين من المدرسة التنفيذية بجامعة سانت غالن، يبدأ في 6 أكتوبر 2026.,leadership,online,2026-10-06,,2,595,CHF,en,,,,,,,2026-09-14T00:00:00Z,school-page
https://es.unisg.ch/en/executive-programme/cas-hsg-innovation-durch-it/,University of St. Gallen Executive School,المدرسة التنفيذية بجامعة سانت غالن,St. Gallen,سانت غالن,Switzerland,سويسرا,europe,CAS HSG Innovation durch IT,CAS HSG الابتكار عبر تقنية المعلومات,"A 18-day on-campus program from University of St. Gallen Executive School, running 14 October 2026 to 31 October 2026.",برنامج حضوري لمدة 18 يومًا من المدرسة التنفيذية بجامعة سانت غالن، من 14 أكتوبر 2026 إلى 31 أكتوبر 2026.,digital,in-person,2026-10-14,,18,16900,CHF,de,,,,,,,2026-09-14T00:00:00Z,school-page
https://es.unisg.ch/en/executive-programme/change-the-real-estate-industry/,University of St. Gallen Executive School,المدرسة التنفيذية بجامعة سانت غالن,St. Gallen,سانت غالن,Switzerland,سويسرا,europe,Change the Real Estate Industry,إعادة تشكيل صناعة العقار,"A 3-day on-campus program from University of St. Gallen Executive School, running 14 October 2026 to 16 October 2026.",برنامج حضوري لمدة 3 أيام من المدرسة التنفيذية بجامعة سانت غالن، من 14 أكتوبر 2026 إلى 16 أكتوبر 2026.,strategy,in-person,2026-10-14,2026-10-16,3,3960,CHF,de,,,,,,,2026-09-14T00:00:00Z,school-page
https://es.unisg.ch/en/executive-programme/senior-management-programm-cas-hsg/,University of St. Gallen Executive School,المدرسة التنفيذية بجامعة سانت غالن,St. Gallen,سانت غالن,Switzerland,سويسرا,europe,Senior Management Programm CAS HSG,برنامج الإدارة العليا CAS HSG,"A 16-day on-campus program from University of St. Gallen Executive School, running 20 October 2026 to 4 November 2026.",برنامج حضوري لمدة 16 يومًا من المدرسة التنفيذية بجامعة سانت غالن، من 20 أكتوبر 2026 إلى 4 نوفمبر 2026.,leadership,in-person,2026-10-20,,16,20200,CHF,de,,,,,,,2026-09-14T00:00:00Z,school-page
https://es.unisg.ch/en/executive-programme/board-essentials/,University of St. Gallen Executive School,المدرسة التنفيذية بجامعة سانت غالن,St. Gallen,سانت غالن,Switzerland,سويسرا,europe,Board Essentials,أساسيات مجالس الإدارة,"A 8-day on-campus program from University of St. Gallen Executive School, running 23 October 2026 to 30 October 2026.",برنامج حضوري لمدة 8 أيام من المدرسة التنفيذية بجامعة سانت غالن، من 23 أكتوبر 2026 إلى 30 أكتوبر 2026.,leadership,in-person,2026-10-23,,8,12500,CHF,en,,,,,,,2026-09-14T00:00:00Z,school-page
https://es.unisg.ch/en/executive-programme/marketing-bootcamp/,University of St. Gallen Executive School,المدرسة التنفيذية بجامعة سانت غالن,St. Gallen,سانت غالن,Switzerland,سويسرا,europe,Marketing Bootcamp,برنامج تسويق مكثف,"A 4-day on-campus program from University of St. Gallen Executive School, running 27 October 2026 to 30 October 2026.",برنامج حضوري لمدة 4 أيام من المدرسة التنفيذية بجامعة سانت غالن، من 27 أكتوبر 2026 إلى 30 أكتوبر 2026.,marketing,in-person,2026-10-27,,4,4950,CHF,en,,,,,,,2026-09-14T00:00:00Z,school-page
https://es.unisg.ch/en/executive-programme/erfolgreich-verhandeln-cas/,University of St. Gallen Executive School,المدرسة التنفيذية بجامعة سانت غالن,St. Gallen,سانت غالن,Switzerland,سويسرا,europe,Erfolgreich verhandeln CAS HSG,CAS HSG التفاوض الناجح,"A 20-day on-campus program from University of St. Gallen Executive School, running 2 November 2026 to 21 November 2026.",برنامج حضوري لمدة 20 يومًا من المدرسة التنفيذية بجامعة سانت غالن، من 2 نوفمبر 2026 إلى 21 نوفمبر 2026.,negotiation,in-person,2026-11-02,,20,19500,CHF,de,,,,,,,2026-09-14T00:00:00Z,school-page
https://es.unisg.ch/en/executive-programme/finanzielle-unternehmensfuehrung/,University of St. Gallen Executive School,المدرسة التنفيذية بجامعة سانت غالن,St. Gallen,سانت غالن,Switzerland,سويسرا,europe,Finanzielle Unternehmensführung | München,الإدارة المالية للمؤسسات | ميونخ,"A 5-day on-campus program from University of St. Gallen Executive School, running 2 November 2026 to 6 November 2026.",برنامج حضوري لمدة 5 أيام من المدرسة التنفيذية بجامعة سانت غالن، من 2 نوفمبر 2026 إلى 6 نوفمبر 2026.,finance,in-person,2026-11-02,,5,4900,EUR,de,,,,,,,2026-09-14T00:00:00Z,school-page
https://es.unisg.ch/en/executive-programme/strategisches-management-cas-hsg/,University of St. Gallen Executive School,المدرسة التنفيذية بجامعة سانت غالن,St. Gallen,سانت غالن,Switzerland,سويسرا,europe,Strategisches Management CAS HSG,الإدارة الاستراتيجية CAS HSG,"A 16-day on-campus program from University of St. Gallen Executive School, running 2 November 2026 to 17 November 2026.",برنامج حضوري لمدة 16 يومًا من المدرسة التنفيذية بجامعة سانت غالن، من 2 نوفمبر 2026 إلى 17 نوفمبر 2026.,strategy,in-person,2026-11-02,,16,18400,CHF,de,,,,,,,2026-09-14T00:00:00Z,school-page
https://es.unisg.ch/en/executive-programme/st-gallen-board-conference/,University of St. Gallen Executive School,المدرسة التنفيذية بجامعة سانت غالن,St. Gallen,سانت غالن,Switzerland,سويسرا,europe,St.Gallen Board Conference,مؤتمر مجالس الإدارة في سانت غالن,"A 1-day on-campus program from University of St. Gallen Executive School, running 13 November 2026 to 13 November 2026.",برنامج حضوري لمدة يوم واحد من المدرسة التنفيذية بجامعة سانت غالن، من 13 نوفمبر 2026 إلى 13 نوفمبر 2026.,leadership,in-person,2026-11-13,,1,1950,CHF,en,,,,,,,2026-09-14T00:00:00Z,school-page
https://es.unisg.ch/en/executive-programme/nachhaltigkeitsmanagement/,University of St. Gallen Executive School,المدرسة التنفيذية بجامعة سانت غالن,St. Gallen,سانت غالن,Switzerland,سويسرا,europe,Management von Nachhaltigkeit und ESG in Unternehmen,إدارة الاستدامة ومعايير ESG في المؤسسات,"A 4-day on-campus program from University of St. Gallen Executive School, running 17 November 2026 to 20 November 2026.",برنامج حضوري لمدة 4 أيام من المدرسة التنفيذية بجامعة سانت غالن، من 17 نوفمبر 2026 إلى 20 نوفمبر 2026.,sustainability,in-person,2026-11-17,,4,3900,CHF,de,,,,,,,2026-09-14T00:00:00Z,school-page
https://es.unisg.ch/en/executive-programme/die-kunst-der-selbstentwicklung/,University of St. Gallen Executive School,المدرسة التنفيذية بجامعة سانت غالن,St. Gallen,سانت غالن,Switzerland,سويسرا,europe,Die Kunst der Selbstentwicklung,فن تطوير الذات,"A 3-day on-campus program from University of St. Gallen Executive School, running 24 November 2026 to 26 November 2026.",برنامج حضوري لمدة 3 أيام من المدرسة التنفيذية بجامعة سانت غالن، من 24 نوفمبر 2026 إلى 26 نوفمبر 2026.,leadership,in-person,2026-11-24,,3,2900,CHF,de,,,,,,,2026-09-14T00:00:00Z,school-page
https://es.unisg.ch/en/executive-programme/designing-capital-for-impact-innovations-incentives-blended-finance/,University of St. Gallen Executive School,المدرسة التنفيذية بجامعة سانت غالن,St. Gallen,سانت غالن,Switzerland,سويسرا,europe,"Designing Capital for Impact: Innovations, Incentives & Blended Finance",تصميم رأس المال ذي الأثر: الابتكار والحوافز والتمويل المدمج,"A 3-day on-campus program from University of St. Gallen Executive School, running 25 November 2026 to 27 November 2026.",برنامج حضوري لمدة 3 أيام من المدرسة التنفيذية بجامعة سانت غالن، من 25 نوفمبر 2026 إلى 27 نوفمبر 2026.,finance,in-person,2026-11-25,,3,3950,CHF,en,,,,,,,2026-09-14T00:00:00Z,school-page
https://es.unisg.ch/en/executive-programme/hsg-fintech-summit/,University of St. Gallen Executive School,المدرسة التنفيذية بجامعة سانت غالن,St. Gallen,سانت غالن,Switzerland,سويسرا,europe,HSG Fintech Summit,قمة HSG للتقنية المالية,"A 1-day on-campus program from University of St. Gallen Executive School, running 26 November 2026 to 26 November 2026.",برنامج حضوري لمدة يوم واحد من المدرسة التنفيذية بجامعة سانت غالن، من 26 نوفمبر 2026 إلى 26 نوفمبر 2026.,finance,in-person,2026-11-26,,1,120,CHF,en,,,,,,,2026-09-14T00:00:00Z,school-page
https://es.unisg.ch/en/executive-programme/responsible-leadership-2/,University of St. Gallen Executive School,المدرسة التنفيذية بجامعة سانت غالن,St. Gallen,سانت غالن,Switzerland,سويسرا,europe,Seminar RESPONSIBLE LEADERSHIP – HSG,القيادة المسؤولة – HSG,"A 6-day on-campus program from University of St. Gallen Executive School, running 14 January 2027 to 19 January 2027.",برنامج حضوري لمدة 6 أيام من المدرسة التنفيذية بجامعة سانت غالن، من 14 يناير 2027 إلى 19 يناير 2027.,leadership,in-person,2027-01-14,,6,7500,CHF,de,,,,,,,2026-09-14T00:00:00Z,school-page
https://es.unisg.ch/en/executive-programme/hsg-intensivstudium-marketing-management-cas/,University of St. Gallen Executive School,المدرسة التنفيذية بجامعة سانت غالن,St. Gallen,سانت غالن,Switzerland,سويسرا,europe,HSG-Intensivstudium Marketing Management (CAS),CAS HSG دراسة مكثفة في إدارة التسويق,"A 18-day on-campus program from University of St. Gallen Executive School, running 26 January 2027 to 12 February 2027.",برنامج حضوري لمدة 18 يومًا من المدرسة التنفيذية بجامعة سانت غالن، من 26 يناير 2027 إلى 12 فبراير 2027.,marketing,in-person,2027-01-26,,18,18750,CHF,de,,,,,,,2026-09-14T00:00:00Z,school-page
https://es.unisg.ch/en/executive-programme/strategic-performance-management/,University of St. Gallen Executive School,المدرسة التنفيذية بجامعة سانت غالن,St. Gallen,سانت غالن,Switzerland,سويسرا,europe,Strategic Performance Management,إدارة الأداء الاستراتيجي,"A 2-day on-campus program from University of St. Gallen Executive School, running 28 January 2027 to 29 January 2027.",برنامج حضوري لمدة يومين من المدرسة التنفيذية بجامعة سانت غالن، من 28 يناير 2027 إلى 29 يناير 2027.,strategy,in-person,2027-01-28,,2,2250,CHF,de,,,,,,,2026-09-14T00:00:00Z,school-page
https://es.unisg.ch/en/executive-programme/intensivseminar-systemisches-change-management/,University of St. Gallen Executive School,المدرسة التنفيذية بجامعة سانت غالن,St. Gallen,سانت غالن,Switzerland,سويسرا,europe,Intensivseminar Systemisches Change Management,برنامج مكثف في إدارة التغيير المنهجي,"A 3-day on-campus program from University of St. Gallen Executive School, running 3 February 2027 to 5 February 2027.",برنامج حضوري لمدة 3 أيام من المدرسة التنفيذية بجامعة سانت غالن، من 3 فبراير 2027 إلى 5 فبراير 2027.,healthcare,in-person,2027-02-03,,3,2600,CHF,de,,,,,,,2026-09-14T00:00:00Z,school-page
https://es.unisg.ch/en/executive-programme/leading-enterprise-risk-management/,University of St. Gallen Executive School,المدرسة التنفيذية بجامعة سانت غالن,St. Gallen,سانت غالن,Switzerland,سويسرا,europe,Leading Enterprise Risk Management,قيادة إدارة المخاطر المؤسسية,"A 3-day on-campus program from University of St. Gallen Executive School, running 3 February 2027 to 5 February 2027.",برنامج حضوري لمدة 3 أيام من المدرسة التنفيذية بجامعة سانت غالن، من 3 فبراير 2027 إلى 5 فبراير 2027.,strategy,in-person,2027-02-03,,3,3000,CHF,en,,,,,,,2026-09-14T00:00:00Z,school-page
https://es.unisg.ch/en/executive-programme/finanzielle-unternehmensfuehrung-zuerich/,University of St. Gallen Executive School,المدرسة التنفيذية بجامعة سانت غالن,St. Gallen,سانت غالن,Switzerland,سويسرا,europe,Finanzielle Unternehmensführung,الإدارة المالية للمؤسسات,"A 5-day on-campus program from University of St. Gallen Executive School, running 15 February 2027 to 19 February 2027.",برنامج حضوري لمدة 5 أيام من المدرسة التنفيذية بجامعة سانت غالن، من 15 فبراير 2027 إلى 19 فبراير 2027.,finance,in-person,2027-02-15,,5,4900,CHF,de,,,,,,,2026-09-14T00:00:00Z,school-page
https://es.unisg.ch/en/executive-programme/international-retail-management-cas-hsg/,University of St. Gallen Executive School,المدرسة التنفيذية بجامعة سانت غالن,St. Gallen,سانت غالن,Switzerland,سويسرا,europe,International Retail Management (CAS-HSG),إدارة التجزئة الدولية (CAS-HSG),"A 15-day on-campus program from University of St. Gallen Executive School, running 17 February 2027 to 3 March 2027.",برنامج حضوري لمدة 15 يومًا من المدرسة التنفيذية بجامعة سانت غالن، من 17 فبراير 2027 إلى 3 مارس 2027.,marketing,in-person,2027-02-17,,15,17900,CHF,en,,,,,,,2026-09-14T00:00:00Z,school-page
https://es.unisg.ch/en/executive-programme/cas-change-innovation-management/,University of St. Gallen Executive School,المدرسة التنفيذية بجامعة سانت غالن,St. Gallen,سانت غالن,Switzerland,سويسرا,europe,CAS Change & Innovation Management,CAS إدارة التغيير والابتكار,"A 17-day on-campus program from University of St. Gallen Executive School, running 22 February 2027 to 10 March 2027.",برنامج حضوري لمدة 17 يومًا من المدرسة التنفيذية بجامعة سانت غالن، من 22 فبراير 2027 إلى 10 مارس 2027.,strategy,in-person,2027-02-22,,17,14950,CHF,de,,,,,,,2026-09-14T00:00:00Z,school-page
https://es.unisg.ch/en/executive-programme/strategien-nachhaltig-verwirklichen/,University of St. Gallen Executive School,المدرسة التنفيذية بجامعة سانت غالن,St. Gallen,سانت غالن,Switzerland,سويسرا,europe,Strategien nachhaltig verwirklichen,تحقيق الاستراتيجيات بشكل مستدام,"A 3-day on-campus program from University of St. Gallen Executive School, running 24 February 2027 to 26 February 2027.",برنامج حضوري لمدة 3 أيام من المدرسة التنفيذية بجامعة سانت غالن، من 24 فبراير 2027 إلى 26 فبراير 2027.,strategy,in-person,2027-02-24,,3,3900,CHF,de,,,,,,,2026-09-14T00:00:00Z,school-page
https://es.unisg.ch/en/executive-programme/generalagentur-management/,University of St. Gallen Executive School,المدرسة التنفيذية بجامعة سانت غالن,St. Gallen,سانت غالن,Switzerland,سويسرا,europe,Generalagentur- und Vertriebsmanagement,إدارة الوكالات العامة والمبيعات,"A 9-day on-campus program from University of St. Gallen Executive School, running 2 March 2027 to 10 March 2027.",برنامج حضوري لمدة 9 أيام من المدرسة التنفيذية بجامعة سانت غالن، من 2 مارس 2027 إلى 10 مارس 2027.,marketing,in-person,2027-03-02,,9,7900,CHF,de,,,,,,,2026-09-14T00:00:00Z,school-page
https://es.unisg.ch/en/executive-programme/st-galler-leadership-zertifikat/,University of St. Gallen Executive School,المدرسة التنفيذية بجامعة سانت غالن,St. Gallen,سانت غالن,Switzerland,سويسرا,europe,St.Galler Leadership-Zertifikat,شهادة القيادة من سانت غالن,"A 15-day on-campus program from University of St. Gallen Executive School, running 2 March 2027 to 16 March 2027.",برنامج حضوري لمدة 15 يومًا من المدرسة التنفيذية بجامعة سانت غالن، من 2 مارس 2027 إلى 16 مارس 2027.,leadership,in-person,2027-03-02,,15,19800,CHF,de,,,,,,,2026-09-14T00:00:00Z,school-page
https://es.unisg.ch/en/executive-programme/st-gallen-board-certificate-cas-hsg/,University of St. Gallen Executive School,المدرسة التنفيذية بجامعة سانت غالن,St. Gallen,سانت غالن,Switzerland,سويسرا,europe,St.Gallen Board Certificate CAS HSG,شهادة مجالس الإدارة من سانت غالن CAS HSG,"A 15-day on-campus program from University of St. Gallen Executive School, running 5 March 2027 to 19 March 2027.",برنامج حضوري لمدة 15 يومًا من المدرسة التنفيذية بجامعة سانت غالن، من 5 مارس 2027 إلى 19 مارس 2027.,leadership,in-person,2027-03-05,,15,24500,CHF,en,,,,,,,2026-09-14T00:00:00Z,school-page
https://es.unisg.ch/en/executive-programme/leading-change-with-confidence/,University of St. Gallen Executive School,المدرسة التنفيذية بجامعة سانت غالن,St. Gallen,سانت غالن,Switzerland,سويسرا,europe,Leading Change with Confidence,قيادة التغيير بثقة,"A 3-day blended program from University of St. Gallen Executive School, starting 8 March 2027.",برنامج مدمج لمدة 3 أيام من المدرسة التنفيذية بجامعة سانت غالن، يبدأ في 8 مارس 2027.,leadership,blended,2027-03-08,,3,3500,CHF,en,,,,,,,2026-09-14T00:00:00Z,school-page
https://es.unisg.ch/en/executive-programme/essentials-in-general-management-cas-hsg/,University of St. Gallen Executive School,المدرسة التنفيذية بجامعة سانت غالن,St. Gallen,سانت غالن,Switzerland,سويسرا,europe,Essentials in General Management CAS HSG,CAS HSG أساسيات الإدارة العامة,"A 14-day on-campus program from University of St. Gallen Executive School, running 9 March 2027 to 22 March 2027.",برنامج حضوري لمدة 14 يومًا من المدرسة التنفيذية بجامعة سانت غالن، من 9 مارس 2027 إلى 22 مارس 2027.,strategy,in-person,2027-03-09,,14,16900,CHF,en,,,,,,,2026-09-14T00:00:00Z,school-page
https://es.unisg.ch/en/executive-programme/post-merger-integration-and-carve-outs/,University of St. Gallen Executive School,المدرسة التنفيذية بجامعة سانت غالن,St. Gallen,سانت غالن,Switzerland,سويسرا,europe,Post-Merger Integration and Carve-Outs,التكامل بعد الاندماج وعمليات الفصل,"A 3-day on-campus program from University of St. Gallen Executive School, running 16 March 2027 to 18 March 2027.",برنامج حضوري لمدة 3 أيام من المدرسة التنفيذية بجامعة سانت غالن، من 16 مارس 2027 إلى 18 مارس 2027.,strategy,in-person,2027-03-16,,3,3900,CHF,en,,,,,,,2026-09-14T00:00:00Z,school-page
https://es.unisg.ch/en/executive-programme/cas-smart-mobility-management/,University of St. Gallen Executive School,المدرسة التنفيذية بجامعة سانت غالن,St. Gallen,سانت غالن,Switzerland,سويسرا,europe,CAS SMART Mobility Management,CAS إدارة التنقل الذكي,"A 15-day on-campus program from University of St. Gallen Executive School, running 5 April 2027 to 19 April 2027.",برنامج حضوري لمدة 15 يومًا من المدرسة التنفيذية بجامعة سانت غالن، من 5 أبريل 2027 إلى 19 أبريل 2027.,operations,in-person,2027-04-05,,15,14950,CHF,de,,,,,,,2026-09-14T00:00:00Z,school-page
https://es.unisg.ch/en/executive-programme/cas-digital-insurance-transformation/,University of St. Gallen Executive School,المدرسة التنفيذية بجامعة سانت غالن,St. Gallen,سانت غالن,Switzerland,سويسرا,europe,Digital Insurance & AI Transformation (CAS HSG),CAS HSG التحول الرقمي والذكاء الاصطناعي في التأمين,"A 18-day on-campus program from University of St. Gallen Executive School, running 6 April 2027 to 23 April 2027.",برنامج حضوري لمدة 18 يومًا من المدرسة التنفيذية بجامعة سانت غالن، من 6 أبريل 2027 إلى 23 أبريل 2027.,digital,in-person,2027-04-06,,18,15900,CHF,en,,,,,,,2026-09-14T00:00:00Z,school-page
https://es.unisg.ch/en/executive-programme/intensivseminar-product-management/,University of St. Gallen Executive School,المدرسة التنفيذية بجامعة سانت غالن,St. Gallen,سانت غالن,Switzerland,سويسرا,europe,HSG-Intensivseminar Strategisches Produkt- und Preismanagement,ندوة HSG المكثفة في إدارة المنتجات والتسعير الاستراتيجي,"A 3-day on-campus program from University of St. Gallen Executive School, running 13 April 2027 to 15 April 2027.",برنامج حضوري لمدة 3 أيام من المدرسة التنفيذية بجامعة سانت غالن، من 13 أبريل 2027 إلى 15 أبريل 2027.,marketing,in-person,2027-04-13,,3,3900,CHF,de,,,,,,,2026-09-14T00:00:00Z,school-page
https://es.unisg.ch/en/executive-programme/cas-hsg-management-fuer-it-fuehrungskraefte/,University of St. Gallen Executive School,المدرسة التنفيذية بجامعة سانت غالن,St. Gallen,سانت غالن,Switzerland,سويسرا,europe,CAS HSG Management für IT-Führungskräfte,CAS HSG الإدارة لقادة تقنية المعلومات,"A 18-day on-campus program from University of St. Gallen Executive School, running 20 April 2027 to 7 May 2027.",برنامج حضوري لمدة 18 يومًا من المدرسة التنفيذية بجامعة سانت غالن، من 20 أبريل 2027 إلى 7 مايو 2027.,digital,in-person,2027-04-20,,18,16900,CHF,de,,,,,,,2026-09-14T00:00:00Z,school-page
https://es.unisg.ch/en/executive-programme/insurance-business-for-future-leaders-cas-hsg/,University of St. Gallen Executive School,المدرسة التنفيذية بجامعة سانت غالن,St. Gallen,سانت غالن,Switzerland,سويسرا,europe,Insurance Business for Future Leaders (CAS HSG),CAS HSG أعمال التأمين لقادة المستقبل,"A 15-day on-campus program from University of St. Gallen Executive School, running 26 April 2027 to 10 May 2027.",برنامج حضوري لمدة 15 يومًا من المدرسة التنفيذية بجامعة سانت غالن، من 26 أبريل 2027 إلى 10 مايو 2027.,finance,in-person,2027-04-26,,15,14500,CHF,de,,,,,,,2026-09-14T00:00:00Z,school-page
https://es.unisg.ch/en/executive-programme/selbstkompetenz-und-unternehmenskultur/,University of St. Gallen Executive School,المدرسة التنفيذية بجامعة سانت غالن,St. Gallen,سانت غالن,Switzerland,سويسرا,europe,Selbstkompetenz und Unternehmenskultur,الكفاءة الذاتية وثقافة المؤسسة,"A 3-day on-campus program from University of St. Gallen Executive School, running 26 April 2027 to 28 April 2027.",برنامج حضوري لمدة 3 أيام من المدرسة التنفيذية بجامعة سانت غالن، من 26 أبريل 2027 إلى 28 أبريل 2027.,people,in-person,2027-04-26,,3,3000,CHF,de,,,,,,,2026-09-14T00:00:00Z,school-page
https://es.unisg.ch/en/executive-programme/fuehrung-mit-energie-und-fokus/,University of St. Gallen Executive School,المدرسة التنفيذية بجامعة سانت غالن,St. Gallen,سانت غالن,Switzerland,سويسرا,europe,Führung mit Energie und Fokus,القيادة بطاقة وتركيز,"A 4-day on-campus program from University of St. Gallen Executive School, running 27 April 2027 to 30 April 2027.",برنامج حضوري لمدة 4 أيام من المدرسة التنفيذية بجامعة سانت غالن، من 27 أبريل 2027 إلى 30 أبريل 2027.,leadership,in-person,2027-04-27,,4,4850,CHF,de,,,,,,,2026-09-14T00:00:00Z,school-page
https://es.unisg.ch/en/executive-programme/cas-berufliche-vorsorge/,University of St. Gallen Executive School,المدرسة التنفيذية بجامعة سانت غالن,St. Gallen,سانت غالن,Switzerland,سويسرا,europe,CAS Berufliche Vorsorge,CAS نظام التقاعد المهني,"A 15-day on-campus program from University of St. Gallen Executive School, running 24 May 2027 to 7 June 2027.",برنامج حضوري لمدة 15 يومًا من المدرسة التنفيذية بجامعة سانت غالن، من 24 مايو 2027 إلى 7 يونيو 2027.,finance,in-person,2027-05-24,,15,14000,CHF,de,,,,,,,2026-09-14T00:00:00Z,school-page
https://es.unisg.ch/en/executive-programme/cas-leading-sustainable-business-innovation-m2/,University of St. Gallen Executive School,المدرسة التنفيذية بجامعة سانت غالن,St. Gallen,سانت غالن,Switzerland,سويسرا,europe,Performance: Turning Regulation & Stakeholder Expectations into Profitable Growth,الأداء: تحويل المتطلبات التنظيمية وتوقعات أصحاب المصلحة إلى نمو مربح,"A 2-day online program from University of St. Gallen Executive School, starting 1 June 2027.",برنامج عبر الإنترنت لمدة يومين من المدرسة التنفيذية بجامعة سانت غالن، يبدأ في 1 يونيو 2027.,strategy,online,2027-06-01,,2,1900,CHF,en,,,,,,,2026-09-14T00:00:00Z,school-page
https://es.unisg.ch/en/executive-programme/risikomanagement-online-seminar/,University of St. Gallen Executive School,المدرسة التنفيذية بجامعة سانت غالن,St. Gallen,سانت غالن,Switzerland,سويسرا,europe,Risikomanagement Online-Seminar,إدارة المخاطر – برنامج عبر الإنترنت,"A 5-day online program from University of St. Gallen Executive School, starting 2 June 2027.",برنامج عبر الإنترنت لمدة 5 أيام من المدرسة التنفيذية بجامعة سانت غالن، يبدأ في 2 يونيو 2027.,strategy,online,2027-06-02,,5,1900,CHF,de,,,,,,,2026-09-14T00:00:00Z,school-page
https://es.unisg.ch/en/executive-programme/cas-customer-and-distribution-management/,University of St. Gallen Executive School,المدرسة التنفيذية بجامعة سانت غالن,St. Gallen,سانت غالن,Switzerland,سويسرا,europe,Customer & Distribution Management in Insurance (CAS HSG),CAS HSG إدارة العملاء والتوزيع في قطاع التأمين,"A 18-day on-campus program from University of St. Gallen Executive School, running 14 June 2027 to 1 July 2027.",برنامج حضوري لمدة 18 يومًا من المدرسة التنفيذية بجامعة سانت غالن، من 14 يونيو 2027 إلى 1 يوليو 2027.,marketing,in-person,2027-06-14,,18,15900,CHF,de,,,,,,,2026-09-14T00:00:00Z,school-page
https://es.unisg.ch/en/executive-programme/cas-prozessfuehrung-civil-litigation/,University of St. Gallen Executive School,المدرسة التنفيذية بجامعة سانت غالن,St. Gallen,سانت غالن,Switzerland,سويسرا,europe,CAS Prozessführung – Civil Litigation,CAS إدارة التقاضي – الدعاوى المدنية,"A 15-day on-campus program from University of St. Gallen Executive School, running 17 June 2027 to 1 July 2027.",برنامج حضوري لمدة 15 يومًا من المدرسة التنفيذية بجامعة سانت غالن، من 17 يونيو 2027 إلى 1 يوليو 2027.,negotiation,in-person,2027-06-17,,15,13200,CHF,de,,,,,,,2026-09-14T00:00:00Z,school-page
https://es.unisg.ch/en/executive-programme/st-gallen-board-retreat/,University of St. Gallen Executive School,المدرسة التنفيذية بجامعة سانت غالن,St. Gallen,سانت غالن,Switzerland,سويسرا,europe,St.Gallen Board Retreat,ملتقى مجالس الإدارة في سانت غالن,"A 3-day on-campus program from University of St. Gallen Executive School, running 18 June 2027 to 20 June 2027.",برنامج حضوري لمدة 3 أيام من المدرسة التنفيذية بجامعة سانت غالن، من 18 يونيو 2027 إلى 20 يونيو 2027.,leadership,in-person,2027-06-18,,3,12900,CHF,en,,,,,,,2026-09-14T00:00:00Z,school-page
https://es.unisg.ch/en/executive-programme/resilienz-in-der-fuehrung/,University of St. Gallen Executive School,المدرسة التنفيذية بجامعة سانت غالن,St. Gallen,سانت غالن,Switzerland,سويسرا,europe,Resilienz in der Führung,المرونة في القيادة,"A 3-day on-campus program from University of St. Gallen Executive School, running 21 June 2027 to 23 June 2027.",برنامج حضوري لمدة 3 أيام من المدرسة التنفيذية بجامعة سانت غالن، من 21 يونيو 2027 إلى 23 يونيو 2027.,leadership,in-person,2027-06-21,,3,3000,CHF,de,,,,,,,2026-09-14T00:00:00Z,school-page
https://es.unisg.ch/en/executive-programme/self-management-and-resilience/,University of St. Gallen Executive School,المدرسة التنفيذية بجامعة سانت غالن,St. Gallen,سانت غالن,Switzerland,سويسرا,europe,Self-Management and Resilience,إدارة الذات والمرونة,"A 3-day on-campus program from University of St. Gallen Executive School, running 22 June 2027 to 24 June 2027.",برنامج حضوري لمدة 3 أيام من المدرسة التنفيذية بجامعة سانت غالن، من 22 يونيو 2027 إلى 24 يونيو 2027.,leadership,in-person,2027-06-22,,3,3900,CHF,en,,,,,,,2026-09-14T00:00:00Z,school-page
https://es.unisg.ch/en/executive-programme/politische-verhandlungsfuehrung/,University of St. Gallen Executive School,المدرسة التنفيذية بجامعة سانت غالن,St. Gallen,سانت غالن,Switzerland,سويسرا,europe,Politische Verhandlungsführung,التفاوض السياسي,"A 6-day on-campus program from University of St. Gallen Executive School, running 26 August 2027 to 31 August 2027.",برنامج حضوري لمدة 6 أيام من المدرسة التنفيذية بجامعة سانت غالن، من 26 أغسطس 2027 إلى 31 أغسطس 2027.,negotiation,in-person,2027-08-26,,6,4600,CHF,de,,,,,,,2026-09-14T00:00:00Z,school-page
